Model,C,Gamma,Feat Filter,P-Val,Feat Count,Neighbors,Classifier Chain,Tree Count,Learning rate,Epochs,Batch Size,Layers,Neurons,Optimizer,Dropout,BP_similarity,MF_similarity,CC_similarity,Exists in MINT?,Exists in DIP?,Exists in APID?,Exists in BIOGRID?,Sequence_similarity,pfam_interaction,A %,L %,F %,I %,M %,V %,S %,P %,T %,Y %,H %,Q %,N %,K %,D %,E %,C %,W %,R %,G %,MW dif,Aromaticity dif,Instability dif,helix_fraction_dif,turn_fraction_dif,sheet_fraction_dif,cys_reduced_dif,cys_residues_dif,gravy_dif,ph7_charge_dif,GSE227375_spearman,GSE228702_spearman
2.999,303.13725720369905,120.92637647035707,0.8510703541105975,0.26357688929158896,21.250331559733468,4.776450949025273,0.6542991782535841,136.1020386342493,0.01261971900607247,64.13828567945421,28.0,3.789183703779564,5.0,3.559960543411207,0.37799788184792527,0.0,0.23510333220989463,0.04842775202334337,0.7839712815246774,0.9129271733068887,0.5338317116915245,1.0,0.6865243441629792,0.7032403487385794,0.22048209750205272,0.0,0.7705772790571083,0.5946750646829141,0.0,1.0,1.0,0.7889009667469317,0.0,0.42474866498772224,0.0,0.9180403253377857,0.29570129518348987,0.3720757114301263,0.05768951346419082,0.15965716654734374,0.7703714483198666,1.0,0.796119581560089,1.0,0.10682723466605831,1.0,0.7471807485799633,0.1792458420933044,0.6316796050102054,0.11946003874533893,1.0,0.8840630809194989,0.42956015034154527,0.487169985888931,0.29144944320238775,0
2.999,129.09184176089252,120.92637647035707,0.8510703541105975,0.5,21.250331559733468,4.776450949025273,0.6542991782535841,10.0,0.01261971900607247,64.13828567945421,28.0,2.05877487382826,4.657062331593298,1.843220979278065,0.37799788184792527,0.34387181931054656,0.04631157044243975,0.21827887679248506,0.7839712815246774,0.9129271733068887,1.0,1.0,1.0,0.7032403487385794,0.6916488603539155,0.0,0.48968257034842766,0.7226254285380642,0.7753074568025385,1.0,0.23298694046072566,0.7889009667469317,0.3416644862614945,0.6278079329045072,0.30944265613715327,0.9010675359039151,0.6824856500588556,0.3720757114301263,0.05768951346419082,0.15965716654734374,0.7703714483198666,0.47285041572336806,0.796119581560089,0.6252261204197651,0.0,0.8879600134299934,0.07050584091135531,0.1792458420933044,0.6316796050102054,1.0,1.0,0.4665304846892665,1.0,0.7513108181891214,1.0,0
0.13963953117181438,129.09184176089252,120.92637647035707,0.8510703541105975,0.5,30.0,4.776450949025273,0.6542991782535841,136.1020386342493,0.01261971900607247,64.13828567945421,28.0,3.789183703779564,4.657062331593298,1.843220979278065,0.37799788184792527,0.34387181931054656,0.5365980072345984,0.04842775202334337,0.0,0.7526726276839034,0.5338317116915245,1.0,0.704180727221926,0.7032403487385794,0.4169965763757113,0.9997961352293956,0.7705772790571083,0.5946750646829141,0.0,1.0,1.0,0.7889009667469317,0.3416644862614945,0.6987090221303358,0.0,0.9010675359039151,0.6824856500588556,0.3720757114301263,0.05768951346419082,0.5078571145614653,0.8455420665836003,1.0,0.796119581560089,0.8853037472533964,0.6472210420909714,0.49508215653810095,0.07050584091135531,0.1792458420933044,0.0,1.0,0.6697484043507677,0.4665304846892665,1.0,0.10201446450956064,0.5651481540911438,0
2.999,0.001,120.92637647035707,0.8380968379878186,0.5,30.0,5.0,0.6542991782535841,136.1020386342493,0.01261971900607247,64.13828567945421,32.0,2.6686689862109816,5.0,0.0,0.5,0.04673675927400078,0.0,0.059349238443222534,0.7839712815246774,0.9129271733068887,0.5338317116915245,0.8878355620719419,0.9746690790723049,0.7032403487385794,0.6916488603539155,0.0,0.7705772790571083,0.505856558750199,0.7753074568025385,1.0,0.7413599052186717,1.0,0.3416644862614945,0.6987090221303358,0.0,0.9010675359039151,0.6824856500588556,0.3720757114301263,0.05768951346419082,0.15965716654734374,0.8455420665836003,1.0,0.796119581560089,0.8853037472533964,0.6472210420909714,0.8879600134299934,0.07050584091135531,0.1792458420933044,0.3566048483295665,1.0,0.6697484043507677,0.4665304846892665,1.0,0.10201446450956064,0.5651481540911438,0
2.999,0.001,200.92679508258533,0.8510703541105975,0.5,21.250331559733468,4.776450949025273,0.6542991782535841,136.1020386342493,0.004085445245788773,64.13828567945421,28.0,3.789183703779564,4.657062331593298,1.843220979278065,0.37799788184792527,0.0,0.04631157044243975,0.0,0.7839712815246774,0.9129271733068887,1.0,1.0,0.6865243441629792,0.7032403487385794,0.22048209750205272,0.9997961352293956,1.0,0.5946750646829141,0.7753074568025385,1.0,0.0,0.7889009667469317,0.0,0.6987090221303358,0.0,0.9010675359039151,1.0,0.3720757114301263,0.7792211902755194,0.15965716654734374,0.8455420665836003,0.6181094775187441,0.7578242447139093,0.8853037472533964,0.0,0.8879600134299934,0.07050584091135531,0.7332184142402373,0.6316796050102054,1.0,0.6697484043507677,0.4665304846892665,1.0,0.0,0.29144944320238775,0
2.999,303.13725720369905,120.92637647035707,0.8510703541105975,0.42442512721220216,13.322143454645754,4.776450949025273,0.6542991782535841,136.1020386342493,0.001,64.13828567945421,28.0,3.789183703779564,1.8456144940229477,1.843220979278065,0.37799788184792527,0.34387181931054656,0.23510333220989463,0.04842775202334337,0.7839712815246774,1.0,0.5338317116915245,1.0,0.6865243441629792,0.7032403487385794,0.6916488603539155,0.0,0.7705772790571083,1.0,0.0,0.6721530320732134,0.5134260749300396,0.7889009667469317,0.0,0.0,0.0,0.9180403253377857,0.29570129518348987,1.0,0.05768951346419082,0.15965716654734374,0.7703714483198666,0.2661530166850774,0.796119581560089,0.5952041622097491,0.0,0.8879600134299934,0.07050584091135531,0.0,0.6316796050102054,1.0,1.0,0.4665304846892665,1.0,0.7513108181891214,0.29144944320238775,0
2.999,303.13725720369905,120.92637647035707,0.8510703541105975,0.42442512721220216,30.0,4.776450949025273,0.6542991782535841,136.1020386342493,0.001,64.13828567945421,28.0,3.789183703779564,1.8456144940229477,1.737931537171992,0.37799788184792527,0.34387181931054656,0.23510333220989463,0.04842775202334337,0.7839712815246774,1.0,0.5338317116915245,1.0,0.6865243441629792,0.7032403487385794,0.6916488603539155,0.0,0.7705772790571083,1.0,0.0,0.6721530320732134,0.5134260749300396,0.7889009667469317,0.0,0.0,0.0,0.9180403253377857,0.29570129518348987,1.0,0.05768951346419082,0.15965716654734374,0.7703714483198666,0.2661530166850774,0.796119581560089,0.5952041622097491,0.0,0.8879600134299934,0.07050584091135531,0.0,0.6316796050102054,1.0,1.0,0.4665304846892665,1.0,0.7513108181891214,0.29144944320238775,0
2.999,303.13725720369905,120.92637647035707,0.8510703541105975,0.42442512721220216,1.0,4.776450949025273,0.6542991782535841,136.1020386342493,0.02618986799468512,91.21165494143548,28.0,3.789183703779564,4.657062331593298,3.559960543411207,0.37799788184792527,0.0,1.0,0.04842775202334337,0.7839712815246774,0.9129271733068887,0.5338317116915245,1.0,1.0,0.8667002943927263,0.22048209750205272,0.9997961352293956,0.7705772790571083,0.910147786282274,1.0,1.0,0.7413599052186717,0.7889009667469317,0.6451004761735597,0.0,0.11255624480752147,0.9180403253377857,0.29570129518348987,1.0,0.05768951346419082,0.520181625452731,0.7703714483198666,1.0,0.36736829808272786,1.0,0.10682723466605831,1.0,0.0,0.2885983532511075,0.6316796050102054,1.0,0.6697484043507677,0.0,1.0,0.10201446450956064,0.29144944320238775,0
2.999,0.001,120.92637647035707,0.8510703541105975,0.5,30.0,5.0,0.6542991782535841,136.1020386342493,0.02618986799468512,91.21165494143548,28.0,3.789183703779564,4.657062331593298,3.559960543411207,0.37799788184792527,0.1798771417896652,1.0,0.0,0.7839712815246774,0.9129271733068887,0.5338317116915245,1.0,1.0,0.8667002943927263,0.6916488603539155,0.0,0.7705772790571083,0.7226254285380642,0.7753074568025385,1.0,0.7413599052186717,0.7889009667469317,0.3416644862614945,0.35346932711415235,0.0,0.9010675359039151,0.6824856500588556,0.3720757114301263,0.05768951346419082,0.0,0.8455420665836003,0.9082662653439432,0.796119581560089,0.8853037472533964,0.6472210420909714,0.8879600134299934,0.6876767285147991,0.1792458420933044,0.8294038665168407,0.0,0.7580126652585326,0.8840630809194989,0.42956015034154527,0.487169985888931,0.5651481540911438,0
2.999,0.001,120.92637647035707,0.8510703541105975,0.5,30.0,5.0,0.6542991782535841,136.1020386342493,0.01261971900607247,64.13828567945421,25.14427927070256,1.6584181787515475,4.657062331593298,1.843220979278065,0.37799788184792527,0.34387181931054656,0.04631157044243975,0.0,0.7839712815246774,0.9129271733068887,1.0,1.0,1.0,0.7032403487385794,0.6916488603539155,0.0,0.7705772790571083,0.7226254285380642,0.7753074568025385,0.7549020527577305,0.7413599052186717,0.7889009667469317,0.0,1.0,0.44384629716673935,0.9180403253377857,0.20727781659747518,1.0,0.05768951346419082,1.0,0.7997735151185724,1.0,0.796119581560089,0.9633215690366398,0.2144909982260067,1.0,0.7471807485799633,0.1792458420933044,0.6316796050102054,1.0,1.0,0.4665304846892665,1.0,0.7513108181891214,0.0,0
2.999,129.09184176089252,120.92637647035707,0.8510703541105975,0.5,21.250331559733468,3.388292192414686,0.6542991782535841,136.1020386342493,0.01261971900607247,64.13828567945421,28.0,3.789183703779564,4.657062331593298,1.843220979278065,0.37799788184792527,0.34387181931054656,0.04631157044243975,0.21827887679248506,0.7839712815246774,0.9129271733068887,0.5338317116915245,1.0,0.9746690790723049,0.7032403487385794,0.6916488603539155,0.0,0.5941359605068216,0.7226254285380642,0.7753074568025385,1.0,0.7413599052186717,0.02351945884774742,0.3416644862614945,0.060912181630572104,0.44384629716673935,0.9180403253377857,0.20727781659747518,1.0,0.05768951346419082,1.0,0.7703714483198666,1.0,0.796119581560089,0.9633215690366398,0.6472210420909714,0.8879600134299934,0.6876767285147991,0.1792458420933044,0.8294038665168407,0.0,0.7580126652585326,0.8840630809194989,0.0,0.487169985888931,0.5651481540911438,0
2.999,0.001,120.92637647035707,0.8510703541105975,0.5,30.0,5.0,0.6542991782535841,136.1020386342493,0.02618986799468512,91.21165494143548,28.0,3.789183703779564,4.657062331593298,0.0,0.5,0.0,0.0,0.059349238443222534,0.7839712815246774,0.9129271733068887,0.022501178334272565,1.0,0.6865243441629792,0.7032403487385794,0.22048209750205272,1.0,0.7705772790571083,0.7226254285380642,0.7753074568025385,1.0,0.7413599052186717,0.7889009667469317,0.3416644862614945,0.060912181630572104,0.0,0.9010675359039151,0.6824856500588556,0.3720757114301263,0.05768951346419082,0.15965716654734374,0.8455420665836003,0.9082662653439432,0.6182021959119444,0.8853037472533964,0.6472210420909714,0.8879600134299934,0.6876767285147991,0.1792458420933044,0.8294038665168407,0.0,0.7580126652585326,0.8840630809194989,0.42956015034154527,0.487169985888931,0.5651481540911438,0
2.999,0.001,200.92679508258533,0.8510703541105975,0.5,21.250331559733468,4.776450949025273,0.6542991782535841,10.0,0.01261971900607247,64.13828567945421,32.0,2.6686689862109816,5.0,3.559960543411207,0.37799788184792527,0.0,1.0,0.04842775202334337,0.7839712815246774,0.9129271733068887,0.5338317116915245,1.0,1.0,0.8823806501808845,0.6916488603539155,0.0,1.0,0.5946750646829141,0.7753074568025385,1.0,0.0,0.7889009667469317,0.0,0.6987090221303358,0.0,0.9010675359039151,1.0,0.3720757114301263,0.7792211902755194,0.15965716654734374,0.8455420665836003,0.6181094775187441,0.7578242447139093,0.8853037472533964,0.0,0.6825083312298129,0.07050584091135531,0.7332184142402373,0.6316796050102054,1.0,0.6697484043507677,0.4665304846892665,1.0,0.0,0.29144944320238775,0
2.999,0.001,120.92637647035707,0.8510703541105975,0.5,1.0,4.776450949025273,0.6542991782535841,136.1020386342493,0.02618986799468512,91.21165494143548,28.0,3.789183703779564,4.657062331593298,3.559960543411207,0.37799788184792527,0.1798771417896652,1.0,0.04842775202334337,0.7839712815246774,0.9129271733068887,0.5338317116915245,1.0,1.0,0.8667002943927263,0.6916488603539155,0.0,0.7705772790571083,0.7226254285380642,0.7753074568025385,1.0,0.7413599052186717,0.7889009667469317,0.3416644862614945,0.060912181630572104,0.0,0.9010675359039151,0.6824856500588556,0.3720757114301263,0.05768951346419082,0.15965716654734374,0.8455420665836003,0.9082662653439432,0.796119581560089,0.8853037472533964,0.6472210420909714,0.8879600134299934,0.6876767285147991,0.1792458420933044,0.8294038665168407,0.0,0.7580126652585326,0.7781185894139323,0.42956015034154527,0.487169985888931,0.5651481540911438,0
2.999,303.13725720369905,120.92637647035707,0.962953975362803,0.42442512721220216,30.0,5.0,0.6542991782535841,136.1020386342493,0.02618986799468512,91.21165494143548,28.0,3.789183703779564,4.657062331593298,3.559960543411207,0.37799788184792527,0.0,1.0,0.04842775202334337,0.7839712815246774,0.9129271733068887,0.5338317116915245,1.0,1.0,0.8667002943927263,0.22048209750205272,0.9997961352293956,0.7705772790571083,0.910147786282274,1.0,1.0,0.7413599052186717,0.7889009667469317,0.6451004761735597,0.0,0.11255624480752147,0.9180403253377857,0.29570129518348987,1.0,0.05768951346419082,0.520181625452731,0.7703714483198666,1.0,0.36736829808272786,1.0,0.10682723466605831,1.0,0.0,0.2885983532511075,0.6316796050102054,1.0,0.6697484043507677,0.0,1.0,0.10201446450956064,0.29144944320238775,0
2.999,129.09184176089252,120.92637647035707,0.001,0.5,21.250331559733468,4.671418016830228,0.6542991782535841,136.1020386342493,0.05,64.13828567945421,28.0,3.789183703779564,4.657062331593298,1.843220979278065,0.37799788184792527,0.34387181931054656,0.04631157044243975,0.0,0.7839712815246774,0.9129271733068887,0.5338317116915245,1.0,0.9746690790723049,1.0,0.6916488603539155,0.0,0.7705772790571083,0.7226254285380642,0.7753074568025385,1.0,0.7413599052186717,0.7889009667469317,0.3416644862614945,0.6987090221303358,0.0,0.0,0.7740160741025096,0.8083777054173477,1.0,0.15965716654734374,0.8455420665836003,1.0,0.796119581560089,0.8853037472533964,0.0,0.8879600134299934,0.07050584091135531,0.1792458420933044,0.1982309256437067,1.0,1.0,0.4665304846892665,1.0,0.7513108181891214,0.5651481540911438,0
2.999,129.09184176089252,120.92637647035707,0.001,0.5,21.250331559733468,4.776450949025273,0.6542991782535841,136.1020386342493,0.01261971900607247,64.13828567945421,28.0,3.789183703779564,4.657062331593298,1.843220979278065,0.37799788184792527,0.34387181931054656,0.04631157044243975,0.0,0.7839712815246774,0.9129271733068887,0.5338317116915245,1.0,0.9746690790723049,1.0,0.6916488603539155,0.0,0.7705772790571083,0.7226254285380642,0.7753074568025385,1.0,0.7413599052186717,0.7889009667469317,0.3416644862614945,0.6987090221303358,0.0,0.0,0.7740160741025096,0.8083777054173477,1.0,0.15965716654734374,0.8455420665836003,1.0,0.796119581560089,0.8853037472533964,0.0,0.8879600134299934,0.07050584091135531,0.1792458420933044,0.6316796050102054,1.0,0.6548590947905548,0.4665304846892665,1.0,0.7513108181891214,0.5651481540911438,0
1.412583159409455,303.13725720369905,120.92637647035707,0.8510703541105975,0.26357688929158896,21.250331559733468,4.776450949025273,0.6542991782535841,136.1020386342493,0.01261971900607247,64.13828567945421,28.0,3.789183703779564,5.0,3.559960543411207,0.37799788184792527,0.0,0.23510333220989463,0.04842775202334337,0.7839712815246774,0.9129271733068887,0.5338317116915245,1.0,0.6865243441629792,0.7032403487385794,0.22048209750205272,0.9997961352293956,1.0,0.5946750646829141,0.0,1.0,1.0,0.7889009667469317,0.0,0.42474866498772224,0.0,0.9180403253377857,0.29570129518348987,0.3720757114301263,0.05768951346419082,0.15965716654734374,0.7703714483198666,1.0,0.796119581560089,1.0,0.10682723466605831,1.0,0.7471807485799633,0.1792458420933044,0.6316796050102054,0.11946003874533893,1.0,0.8840630809194989,0.42956015034154527,0.487169985888931,0.29144944320238775,0
2.999,447.2149645444332,200.92679508258533,0.8510703541105975,0.5,21.250331559733468,4.776450949025273,0.6542991782535841,136.1020386342493,0.01261971900607247,64.13828567945421,32.0,2.6686689862109816,4.927713529687854,0.0,0.5,0.04673675927400078,0.0,0.059349238443222534,0.7839712815246774,0.9129271733068887,1.0,1.0,0.6865243441629792,0.7032403487385794,0.22048209750205272,0.0,0.7705772790571083,0.5946750646829141,0.7753074568025385,1.0,0.0,0.7889009667469317,0.0,0.6987090221303358,0.0,0.9010675359039151,1.0,0.03371382148541108,0.7792211902755194,0.15965716654734374,0.8455420665836003,0.6181094775187441,0.7578242447139093,0.8853037472533964,0.0,0.8879600134299934,0.07050584091135531,0.7332184142402373,0.6316796050102054,1.0,0.6697484043507677,0.4665304846892665,1.0,0.0,0.29144944320238775,0
2.999,129.09184176089252,120.92637647035707,0.8510703541105975,0.5,30.0,4.776450949025273,0.6542991782535841,136.1020386342493,0.01261971900607247,64.13828567945421,28.0,2.05877487382826,4.657062331593298,1.843220979278065,0.37799788184792527,0.34387181931054656,0.0,0.04842775202334337,0.0,0.7526726276839034,0.5338317116915245,1.0,0.704180727221926,0.7032403487385794,0.4169965763757113,0.9997961352293956,0.38283629275548964,0.5946750646829141,0.0,1.0,1.0,0.7889009667469317,0.3416644862614945,0.6987090221303358,0.0,0.9010675359039151,0.6824856500588556,0.3720757114301263,0.05768951346419082,0.5078571145614653,0.8455420665836003,0.9742719871332843,0.796119581560089,0.8853037472533964,0.6472210420909714,0.8879600134299934,0.07050584091135531,0.1792458420933044,0.0,1.0,0.6697484043507677,0.4665304846892665,0.6256493685939507,0.10201446450956064,0.5651481540911438,0
