Model,C,Gamma,Feat Filter,P-Val,Feat Count,Neighbors,Classifier Chain,Tree Count,Learning rate,Epochs,Batch Size,Layers,Neurons,Optimizer,Dropout,MF_similarity,CC_similarity,Exists in MINT?,Exists in DIP?,Exists in APID?,Exists in BIOGRID?,Sequence_similarity,pfam_interaction,A %,L %,F %,I %,M %,V %,S %,P %,T %,Y %,H %,Q %,N %,K %,D %,E %,C %,W %,R %,G %,MW dif,Aromaticity dif,Instability dif,helix_fraction_dif,turn_fraction_dif,sheet_fraction_dif,cys_reduced_dif,cys_residues_dif,gravy_dif,ph7_charge_dif,GSE227375_spearman,GSE228702_spearman
2.999,500.0,482.01906250512775,0.001,0.5,10.313641497811908,2.0,0.10099702440737723,54.9960905608671,0.011230762956958011,165.85435180159806,32.0,4.0,0.0,0.0,0.5,0.8806158382177505,1.0,0.0,0.0,0.427581407096804,0.0,0.0,0.03962105703306695,0.4690587582735804,0.16857108522523914,0.0,1.0,0.5315081183929027,0.0,1.0,0.7159109297926328,1.0,0.0,0.9855259258820258,0,0.0,0.0,0.46117117470730956,1.0,0.9632203470456864,1.0,0.8671555149727507,0.0,0.525567471215956,0.6292541334562937,0.7963972585372694,1.0,0.4814982120319598,0.08100391164954311,0.42015215092155506,1.0,1.0,0.12862367062952035,1.0,1.0
2.999,0.001,77.51526928888089,0.001,0.5,1.0,2.0,0.10099702440737723,54.9960905608671,0.042064948177417724,81.63191440728798,128.0,4.0,0.2761048372275403,0.5718161736411392,0.5,0.9116690455053346,0.1954405119090965,0.0,0.23696783703216717,0.737322138564449,0.0,0.6121163691604963,0.8860129462994739,0.0,0.541808719133392,0.0,1.0,0.20986538500541557,1.0,0.0,0.9502787180883762,1.0,1.0,1.0,0,0.09425499362028562,1.0,0.46117117470730956,0.9296263351100247,1.0,0.5542992200457952,0.8671555149727507,0.3442718019996681,0.06054536463483727,0.6292541334562937,0.7963972585372694,0.0,0.8998064501796132,0.08100391164954311,0.0,1.0,0.21190773858594297,0.0,1.0,0.7452454649850213
2.999,446.5326687168438,500.0,0.001,0.5,1.0,2.0,0.04813837093723018,10.0,0.042064948177417724,107.67312555691841,128.0,1.0220822066706905,0.620992058168345,0.0,0.5,1.0,1.0,0.0,0.7596880026727555,1.0,1.0,0.6443387660005109,0.0,0.0,0.7415572682019698,0.556632194530037,1.0,0.04329798389889186,0.1736646794727027,1.0,0.0,0.42405846754262827,0.20477355502942507,1.0,0,0.09425499362028562,0.8230595573139822,0.46117117470730956,1.0,0.9632203470456864,0.0,0.6067651904421008,1.0,0.8250639672199271,0.7046882228842903,0.7633858116504582,0.5801273623457219,0.8998064501796132,0.29410690576321763,0.0,1.0,0.21190773858594297,0.0,0.2322085557652107,0.7703084356222877
2.999,500.0,482.01906250512775,0.001,0.5,10.313641497811908,2.0,0.10099702440737723,54.9960905608671,0.022571558705580735,165.85435180159806,48.70799561149802,3.751112767739148,0.0,0.0,0.5,0.8806158382177505,1.0,0.0,0.43924469952231154,0.427581407096804,0.0,0.8049033394155543,0.0,0.0,0.16857108522523914,0.31593611512078656,1.0,0.5315081183929027,1.0,0.0,1.0,1.0,0.0,0.9855259258820258,0,0.09425499362028562,0.8230595573139822,0.46117117470730956,0.1919128568784717,1.0,0.5542992200457952,0.8671555149727507,0.3442718019996681,0.0,0.6292541334562937,0.7963972585372694,1.0,0.4814982120319598,0.08100391164954311,0.42015215092155506,1.0,1.0,0.12862367062952035,1.0,1.0
2.999,500.0,189.4192927780055,0.001,0.5,20.872659673561753,2.0,0.10099702440737723,54.9960905608671,0.042064948177417724,157.70726213683903,87.88604722107667,3.751112767739148,5.0,3.1405302950823044,0.5,0.9712560309656242,0.0,0.0,0.04658646528376251,0.737322138564449,0.9477080516827097,0.0,0.03962105703306695,0.0,0.541808719133392,0.0,1.0,0.5315081183929027,1.0,0.44484820139965814,0.12359441879732644,1.0,0.0,0.9855259258820258,0,0.09425499362028562,0.0,0.46117117470730956,1.0,0.9632203470456864,0.8554399542489617,0.8671555149727507,0.0,0.525567471215956,0.6292541334562937,0.7963972585372694,0.3992061641263486,0.8998064501796132,0.08100391164954311,0.0,1.0,0.21190773858594297,0.0,1.0,1.0
2.999,446.5326687168438,500.0,0.001,0.5,1.0,2.0,0.0,54.9960905608671,0.033113500428250515,200.0,128.0,4.0,0.2761048372275403,0.5718161736411392,0.5,0.8806158382177505,0.1954405119090965,0.0,0.04658646528376251,1.0,1.0,0.6443387660005109,0.0,0.0,0.7415572682019698,0.556632194530037,1.0,0.04329798389889186,0.1736646794727027,1.0,0.0,0.42405846754262827,0.0,1.0,0,0.09425499362028562,0.8230595573139822,0.46117117470730956,1.0,0.9632203470456864,0.0,0.6067651904421008,1.0,0.8250639672199271,0.7046882228842903,0.7633858116504582,0.5801273623457219,0.8998064501796132,0.29410690576321763,0.0,1.0,0.21190773858594297,0.0,0.2322085557652107,0.7703084356222877
2.999,0.001,77.51526928888089,0.001,0.5,1.0,2.0,0.04813837093723018,10.0,0.042064948177417724,107.67312555691841,128.0,1.0220822066706905,0.620992058168345,0.0,0.5,1.0,1.0,0.0,0.7596880026727555,1.0,0.0,0.8049033394155543,0.0,0.0,0.16857108522523914,0.7713354709455044,1.0,0.5315081183929027,0.4363291825191151,0.0,0.7159109297926328,1.0,0.0,0.9855259258820258,0,0.09425499362028562,0.8230595573139822,0.46117117470730956,0.6542800333389729,0.9632203470456864,0.8337860266734425,0.36120142579256137,1.0,0.8250639672199271,0.601844898862365,0.7963972585372694,1.0,0.0,0.2554712709578454,0.7008836517319705,0.45537059038367345,0.0,0.18670554797472744,1.0,0.7452454649850213
2.999,0.001,77.51526928888089,0.001,0.5,1.0,2.0,0.10099702440737723,54.9960905608671,0.042064948177417724,81.63191440728798,128.0,4.0,0.2761048372275403,0.5718161736411392,0.5,0.9116690455053346,0.1954405119090965,0.0,0.23696783703216717,0.737322138564449,0.0,0.6121163691604963,0.8860129462994739,0.0,0.541808719133392,0.0,1.0,0.20986538500541557,1.0,0.0,0.9502787180883762,1.0,1.0,1.0,0,0.09425499362028562,0.0,0.46117117470730956,0.9296263351100247,1.0,0.5542992200457952,0.8671555149727507,0.3442718019996681,0.06054536463483727,0.6292541334562937,0.7973067022793733,0.5792086832049612,0.8998064501796132,0.08100391164954311,0.0,1.0,0.21190773858594297,0.0,1.0,0.7452454649850213
2.999,500.0,482.01906250512775,0.001,0.5,10.313641497811908,2.0,0.10099702440737723,54.9960905608671,0.05,165.85435180159806,48.70799561149802,3.751112767739148,0.0,0.0,0.5,0.8806158382177505,1.0,0.0,0.43924469952231154,0.427581407096804,0.0,0.0,0.03962105703306695,0.0,0.8450748283483772,0.0,0.0,0.0,0.4363291825191151,1.0,0.7159109297926328,1.0,0.0,0.9855259258820258,0,0.09425499362028562,1.0,0.46117117470730956,1.0,0.9632203470456864,1.0,0.8671555149727507,0.0,0.525567471215956,0.6292541334562937,0.7963972585372694,1.0,0.4814982120319598,0.08100391164954311,0.42015215092155506,1.0,1.0,0.12862367062952035,1.0,1.0
2.999,500.0,482.01906250512775,0.001,0.5,10.313641497811908,2.0,0.10099702440737723,54.9960905608671,0.05,165.85435180159806,48.70799561149802,3.751112767739148,0.0,0.0,0.5,0.8806158382177505,1.0,0.0,0.04658646528376251,0.737322138564449,1.0,0.6443387660005109,0.14433271903145872,0.0,0.541808719133392,0.0,0.0,0.0,0.4363291825191151,1.0,0.7159109297926328,1.0,0.0,0.9855259258820258,0,0.09425499362028562,0.0,0.46117117470730956,1.0,0.9632203470456864,1.0,0.8671555149727507,0.0,0.525567471215956,0.6292541334562937,0.7963972585372694,1.0,0.4814982120319598,0.08100391164954311,0.42015215092155506,1.0,1.0,0.12862367062952035,1.0,1.0
2.999,500.0,443.1697890559877,0.001,0.5,17.87459172394321,2.0,0.0,54.9960905608671,0.011230762956958011,165.85435180159806,36.931696685781425,3.751112767739148,0.620992058168345,2.5612988848118787,0.5,0.9712560309656242,1.0,0.0,0.43924469952231154,0.427581407096804,0.0,0.0,0.0,0.0,0.8835402419670042,1.0,0.8867988747146719,0.5315081183929027,0.1736646794727027,1.0,0.0,0.42405846754262827,0.0,1.0,0,0.09425499362028562,0.8230595573139822,0.46117117470730956,1.0,0.9632203470456864,0.0,0.8671555149727507,1.0,0.8250639672199271,0.40721191509214655,0.7963972585372694,1.0,0.0,0.7734901801188598,0.42015215092155506,0.9052993105543796,0.030586184435445626,0.0,1.0,1.0
2.999,0.001,500.0,0.001,0.5,1.0,3.012895178626562,0.10099702440737723,54.9960905608671,0.042064948177417724,157.70726213683903,87.88604722107667,3.751112767739148,5.0,4.0,0.5,0.8806158382177505,0.0,0.0,0.910415943599414,1.0,0.9477080516827097,0.0,0.03962105703306695,0.20393346101664242,0.16857108522523914,1.0,1.0,0.0,1.0,1.0,0.0,0.42405846754262827,0.0,0.9855259258820258,1,0.09425499362028562,0.047689025792081945,0.46117117470730956,1.0,0.9632203470456864,0.0,0.8671555149727507,1.0,0.8250639672199271,0.6292541334562937,0.0,1.0,0.0,0.9001844349899562,0.42015215092155506,0.9052993105543796,0.030586184435445626,0.279642524617599,1.0,0.7452454649850213
2.999,446.5326687168438,0.001,0.001,0.5,1.0,2.0,0.10099702440737723,151.3071390037489,0.001,172.9056384849504,32.0,1.0220822066706905,2.131084081921467,3.1405302950823044,0.5,0.9712560309656242,1.0,0.20866534414044735,0.7596880026727555,1.0,0.9477080516827097,0.0,0.0,0.0,0.16857108522523914,1.0,1.0,0.5315081183929027,1.0,0.16196983251637492,0.12359441879732644,0.0,0.0,0.9855259258820258,0,0.0,0.8230595573139822,0.46117117470730956,1.0,0.9632203470456864,1.0,0.0,0.024319211118534974,1.0,0.6292541334562937,0.7633858116504582,0.3992061641263486,0.8998064501796132,0.29410690576321763,0.0,1.0,0.21190773858594297,0.0,0.5763831028268425,1.0
2.999,0.001,77.51526928888089,0.001,0.5,1.0,2.0,0.10099702440737723,151.3071390037489,0.001,172.9056384849504,48.70799561149802,3.751112767739148,0.0,0.0,0.5,0.8806158382177505,1.0,0.0,0.43924469952231154,0.737322138564449,0.0,0.8232747120912352,0.7295958526035938,0.0,0.8835402419670042,1.0,1.0,0.20986538500541557,0.1736646794727027,1.0,0.0,0.42405846754262827,0.0,0.8841842385928902,0,0.0496122989098193,0.0,0.4498170274309836,1.0,0.38051024213357343,0.8337860266734425,0.36120142579256137,0.9118366745262152,0.525567471215956,0.36971421732433324,0.7963972585372694,1.0,0.4814982120319598,0.08100391164954311,0.42015215092155506,1.0,1.0,0.279642524617599,1.0,0.7452454649850213
2.999,446.5326687168438,0.001,0.4456415964642633,0.5,1.0,2.0,0.10099702440737723,54.9960905608671,0.042064948177417724,159.27218261575953,128.0,4.0,0.2761048372275403,0.0,0.5,0.8806158382177505,1.0,0.0,0.04658646528376251,0.737322138564449,1.0,0.0,0.03962105703306695,0.20393346101664242,0.16857108522523914,1.0,1.0,0.20986538500541557,1.0,1.0,0.0,0.42405846754262827,0.0,0.9855259258820258,1,0.09425499362028562,1.0,0.20449506156567937,1.0,0.38051024213357343,0.8337860266734425,0.36120142579256137,0.6090363637469514,0.1484742542251322,0.15605859609706418,0.0,1.0,0.0,0.9001844349899562,0.42015215092155506,0.9052993105543796,0.030586184435445626,0.0,0.5763831028268425,1.0
2.999,446.5326687168438,482.01906250512775,0.001,0.5,1.0,2.0,0.10099702440737723,54.9960905608671,0.011230762956958011,165.85435180159806,48.70799561149802,3.751112767739148,0.0,0.0,0.5,0.8806158382177505,0.5317035088004458,0.20866534414044735,0.23696783703216717,1.0,0.0,0.6121163691604963,0.03962105703306695,0.20393346101664242,0.33025302298015946,1.0,0.0,0.5315081183929027,0.4363291825191151,0.44484820139965814,0.12359441879732644,1.0,0.0,0.9855259258820258,1,0.0,0.0,0.46697871663887686,1.0,0.9632203470456864,1.0,0.0,0.024319211118534974,0.1484742542251322,0.15605859609706418,0.0,1.0,0.0,0.9177080385234347,0.0,1.0,1.0,0.0,0.5763831028268425,1.0
2.999,500.0,500.0,1.5675832507538485,0.5,1.0,2.0,0.04813837093723018,54.9960905608671,0.033113500428250515,200.0,32.0,1.5305247892298492,0.9440169100622311,0.5718161736411392,0.5,0.8806158382177505,1.0,0.0,0.04658646528376251,1.0,0.0,0.8049033394155543,0.03962105703306695,0.0,0.541808719133392,0.4370017263971707,1.0,0.20986538500541557,0.1736646794727027,1.0,0.0,1.0,0.0,1.0,0,0.09425499362028562,0.8230595573139822,0.4498170274309836,1.0,0.38051024213357343,0.8337860266734425,0.36120142579256137,1.0,0.1484742542251322,0.6292541334562937,0.7963972585372694,1.0,0.34690687182886515,0.7436754380594002,0.42015215092155506,1.0,1.0,0.0,1.0,1.0
2.999,446.5326687168438,500.0,1.5675832507538485,0.5,1.0,2.0,0.04813837093723018,54.9960905608671,0.033113500428250515,200.0,32.0,1.5305247892298492,2.9969032066873442,0.5718161736411392,0.5,0.8806158382177505,1.0,0.20866534414044735,0.0,0.737322138564449,0.0,0.6121163691604963,0.03962105703306695,0.20393346101664242,0.33025302298015946,1.0,0.0,0.5315081183929027,0.4363291825191151,0.44484820139965814,0.12359441879732644,1.0,0.41316062040064927,0.9855259258820258,1,0.0,1.0,0.20449506156567937,1.0,0.38051024213357343,1.0,0.8671555149727507,0.0,0.525567471215956,0.6292541334562937,0.7963972585372694,1.0,0.4814982120319598,0.08100391164954311,0.42015215092155506,1.0,1.0,0.0,0.5763831028268425,1.0
2.999,500.0,482.01906250512775,0.001,0.5,10.313641497811908,2.0,0.10099702440737723,54.9960905608671,0.05,165.85435180159806,48.70799561149802,3.751112767739148,0.0,0.0,0.5,0.8806158382177505,1.0,0.0,0.43924469952231154,0.427581407096804,0.0,0.0,0.03962105703306695,0.0,0.541808719133392,0.0,0.0,0.0,0.4363291825191151,1.0,0.7159109297926328,1.0,0.0,0.9855259258820258,0,0.09425499362028562,0.0,0.46117117470730956,1.0,0.9632203470456864,0.8337860266734425,0.36120142579256137,0.9194924208312205,0.1484742542251322,0.15605859609706418,0.0,1.0,0.0,1.0,0.42015215092155506,0.9052993105543796,0.030586184435445626,0.12862367062952035,1.0,1.0
2.999,500.0,189.4192927780055,0.001,0.5,20.872659673561753,2.0,0.10099702440737723,54.9960905608671,0.042064948177417724,157.70726213683903,87.88604722107667,3.751112767739148,5.0,3.1405302950823044,0.5,0.9712560309656242,0.0,0.0,0.04658646528376251,0.0,0.9477080516827097,0.6443387660005109,0.0,0.0,0.541808719133392,0.0,1.0,0.5315081183929027,1.0,0.16196983251637492,0.12359441879732644,0.0,0.0,0.9855259258820258,1,1.0,0.7937070176282576,0.46117117470730956,1.0,0.9632203470456864,0.5542992200457952,0.8671555149727507,0.3442718019996681,0.0,0.6292541334562937,0.7963972585372694,0.3992061641263486,0.9207799062260874,0.08100391164954311,0.0,1.0,0.21190773858594297,0.3767773337525361,1.0,1.0
2.999,0.001,77.51526928888089,0.001,0.5,1.0,2.0,0.0,54.9960905608671,0.033113500428250515,200.0,128.0,4.0,2.131084081921467,3.1405302950823044,0.5,0.9712560309656242,0.1954405119090965,0.0,0.43924469952231154,0.0,0.9477080516827097,0.0,0.03962105703306695,0.0,0.541808719133392,1.0,1.0,0.20986538500541557,0.1736646794727027,1.0,0.0,0.42405846754262827,0.700688862276938,0.8841842385928902,0,0.0496122989098193,0.8526839759607756,0.46117117470730956,1.0,0.9632203470456864,0.8337860266734425,0.36120142579256137,1.0,0.8250639672199271,0.6292541334562937,0.7963972585372694,1.0,0.09870519982551666,0.2554712709578454,0.9218109349524379,0.45537059038367345,0.0,0.18670554797472744,1.0,0.7452454649850213
2.999,446.5326687168438,0.001,0.001,0.5,1.0,2.0,0.10099702440737723,54.9960905608671,0.011230762956958011,165.85435180159806,36.931696685781425,3.751112767739148,0.620992058168345,2.5612988848118787,0.5,0.9712560309656242,0.1954405119090965,0.0,0.43924469952231154,0.738191818040647,0.0,0.8232747120912352,0.8860129462994739,0.20057568896566527,1.0,1.0,1.0,0.2856809693288652,0.1736646794727027,0.9972746623185861,0.0,1.0,0.0,0.9855259258820258,1,0.0,1.0,0.20449506156567937,1.0,0.38051024213357343,0.8337860266734425,0.36120142579256137,0.4999945079987914,0.8250639672199271,0.6292541334562937,0.0,1.0,0.0,0.9001844349899562,0.42015215092155506,0.45537059038367345,0.0,0.1289895753732843,0.5763831028268425,1.0
2.999,341.80241427000385,500.0,0.001,0.5,1.0,2.0,0.04813837093723018,164.13265328364622,0.03343522015462725,157.70726213683903,128.0,3.751112767739148,0.620992058168345,0.0,0.5,0.8806158382177505,0.5317035088004458,0.0,0.04658646528376251,1.0,0.7495179762577083,0.8049033394155543,0.0023539854425262204,0.0,0.16857108522523914,1.0,1.0,0.5315081183929027,1.0,1.0,0.0,0.42405846754262827,0.0,1.0,0,0.0496122989098193,0.8230595573139822,0.46117117470730956,0.9296263351100247,0.9632203470456864,0.5542992200457952,1.0,1.0,1.0,0.6292541334562937,0.7633858116504582,0.3992061641263486,0.0,0.2554712709578454,0.42015215092155506,0.9052993105543796,0.030586184435445626,0.0,1.0,1.0
2.999,0.001,500.0,0.05578891925800333,0.5,9.735054989611196,2.0,0.10099702440737723,54.9960905608671,0.015198362713017083,200.0,128.0,1.5305247892298492,0.9440169100622311,0.5718161736411392,0.5,0.8806158382177505,0.0,0.0,0.910415943599414,1.0,0.9477080516827097,0.0,0.03962105703306695,0.0,0.16857108522523914,1.0,1.0,0.5315081183929027,0.0,0.0,1.0,1.0,0.0,1.0,0,0.0,0.8230595573139822,0.46117117470730956,1.0,0.38051024213357343,0.8337860266734425,0.36120142579256137,0.4999945079987914,0.8250639672199271,0.6292541334562937,0.0,1.0,0.0,0.9001844349899562,0.42015215092155506,0.9052993105543796,0.030586184435445626,0.279642524617599,1.0,0.7452454649850213
2.999,0.001,500.0,0.001,0.5,1.0,3.012895178626562,0.10099702440737723,54.9960905608671,0.042064948177417724,157.70726213683903,87.88604722107667,3.751112767739148,5.0,4.0,0.5,0.8806158382177505,0.0,0.0,0.910415943599414,1.0,0.9477080516827097,0.0,0.03962105703306695,0.0,0.16857108522523914,1.0,1.0,0.5315081183929027,1.0,0.16196983251637492,0.12359441879732644,0.0,0.16073854493354842,0.9855259258820258,0,0.0,0.8230595573139822,0.46117117470730956,1.0,0.38051024213357343,0.8337860266734425,0.36120142579256137,0.36301102828079956,0.8250639672199271,0.6292541334562937,0.4924884812746081,1.0,0.0,0.9001844349899562,0.42015215092155506,0.9052993105543796,0.030586184435445626,0.279642524617599,1.0,0.7452454649850213
2.999,446.5326687168438,482.01906250512775,0.001,0.5,14.388213710527605,2.3829887157840504,0.10099702440737723,54.9960905608671,0.011230762956958011,50.39052221286768,128.0,1.198989268580069,4.964233721382405,2.5612988848118787,0.5,0.9712560309656242,1.0,0.20866534414044735,0.23696783703216717,0.737322138564449,0.0,0.6121163691604963,0.8860129462994739,0.0,0.16857108522523914,1.0,0.8867988747146719,0.5315081183929027,0.1736646794727027,1.0,0.0,0.42405846754262827,0.0,0.8841842385928902,0,0.0496122989098193,0.8230595573139822,0.46117117470730956,1.0,0.9632203470456864,0.5542992200457952,1.0,1.0,0.8250639672199271,0.601844898862365,0.7963972585372694,1.0,0.09870519982551666,0.2554712709578454,0.9218109349524379,0.45537059038367345,0.0,0.0,1.0,0.5679954563299727
2.999,0.001,77.51526928888089,0.001,0.5,1.0,2.0,0.0,54.9960905608671,0.033113500428250515,200.0,128.0,4.0,2.131084081921467,3.1405302950823044,0.5,0.9712560309656242,0.1954405119090965,0.0,0.43924469952231154,0.0,0.9477080516827097,0.6443387660005109,0.0,0.0,0.541808719133392,1.0,1.0,0.20986538500541557,0.1736646794727027,1.0,0.0,0.42405846754262827,0.0,0.8841842385928902,0,0.0496122989098193,0.8526839759607756,0.46117117470730956,1.0,0.9632203470456864,0.8337860266734425,0.36120142579256137,1.0,0.8250639672199271,0.6292541334562937,0.7963972585372694,1.0,0.0,0.2554712709578454,0.42015215092155506,0.45537059038367345,0.0,0.18670554797472744,1.0,0.7452454649850213
2.999,500.0,482.01906250512775,0.001,0.5,10.313641497811908,2.0,0.10099702440737723,54.9960905608671,0.011230762956958011,165.85435180159806,36.931696685781425,3.751112767739148,0.620992058168345,2.5612988848118787,0.5,0.8806158382177505,1.0,0.0,0.43924469952231154,0.427581407096804,0.0,0.0,0.03962105703306695,0.0,0.541808719133392,0.0,0.0,0.0,0.4363291825191151,1.0,0.7159109297926328,1.0,0.0,0.9855259258820258,0,0.09425499362028562,0.0,0.46117117470730956,1.0,0.9632203470456864,1.0,0.8671555149727507,0.0,0.525567471215956,0.6292541334562937,0.7963972585372694,1.0,0.4814982120319598,0.08100391164954311,1.0,1.0,1.0,0.12862367062952035,1.0,1.0
2.999,446.5326687168438,0.001,0.001,0.5,1.0,2.0,0.10099702440737723,54.9960905608671,0.05,165.85435180159806,128.0,4.0,0.2761048372275403,0.5718161736411392,0.5,0.9712560309656242,0.1954405119090965,0.0,0.43924469952231154,0.738191818040647,0.0,0.8232747120912352,0.8860129462994739,0.20057568896566527,0.8835402419670042,1.0,1.0,0.20986538500541557,0.1736646794727027,0.9972746623185861,0.0,1.0,0.0,0.9855259258820258,1,0.0,1.0,0.20449506156567937,1.0,0.63741858278147,0.8337860266734425,0.36120142579256137,0.4999945079987914,0.8250639672199271,0.6292541334562937,0.0,1.0,0.31416860977664546,0.9001844349899562,0.42015215092155506,0.9052993105543796,0.030586184435445626,0.1289895753732843,0.5763831028268425,1.0
2.999,446.5326687168438,0.001,0.001,0.5,1.0,2.0,0.10099702440737723,54.9960905608671,0.011230762956958011,165.85435180159806,36.931696685781425,3.751112767739148,0.620992058168345,4.0,0.4755814253936428,0.9712560309656242,0.1954405119090965,0.0,0.43924469952231154,0.738191818040647,0.0,0.8232747120912352,0.8860129462994739,0.20057568896566527,0.8835402419670042,1.0,1.0,0.20986538500541557,0.1736646794727027,0.9972746623185861,0.0,1.0,0.0,0.9855259258820258,1,0.0,1.0,0.20449506156567937,1.0,0.38051024213357343,0.8681325806431828,0.36120142579256137,0.4999945079987914,0.957998498079704,0.6292541334562937,0.0,1.0,0.0,0.0,0.42015215092155506,0.9052993105543796,0.030586184435445626,0.1289895753732843,0.5763831028268425,1.0
2.999,500.0,482.01906250512775,0.001,0.5,1.0,3.504568094251276,0.10099702440737723,54.9960905608671,0.022571558705580735,165.85435180159806,48.70799561149802,3.751112767739148,4.95279188545611,0.0,0.5,0.8806158382177505,1.0,0.0,0.910415943599414,1.0,0.9477080516827097,0.0,0.03962105703306695,0.0,0.16857108522523914,1.0,1.0,0.5315081183929027,1.0,0.16196983251637492,0.12359441879732644,0.0,0.0,0.9855259258820258,1,1.0,0.7937070176282576,0.46117117470730956,1.0,0.9632203470456864,0.0,0.8671555149727507,1.0,0.8250639672199271,0.40721191509214655,0.7963972585372694,1.0,0.0,0.9001844349899562,0.42015215092155506,0.9052993105543796,0.030586184435445626,0.12862367062952035,1.0,1.0
2.999,493.33153099343394,500.0,0.001,0.5,1.0,2.0,0.04813837093723018,54.9960905608671,0.011230762956958011,50.39052221286768,128.0,1.198989268580069,4.172538338445078,2.5612988848118787,0.5,0.7658812430565589,1.0,0.20866534414044735,0.7596880026727555,1.0,0.9477080516827097,0.0,0.03962105703306695,0.40481822200215634,0.541808719133392,0.0,1.0,0.5315081183929027,0.3649431910953541,0.0,1.0,1.0,0.4828611131754385,0.5626703152220135,0,0.09425499362028562,0.8230595573139822,0.46117117470730956,1.0,0.9632203470456864,0.0,0.0,1.0,0.8250639672199271,0.6292541334562937,0.0,1.0,0.0,0.9001844349899562,0.42015215092155506,0.9052993105543796,0.030586184435445626,0.0,0.5763831028268425,0.14237746323125045
2.999,446.5326687168438,0.001,0.001,0.5,1.0,2.0,0.10099702440737723,54.9960905608671,0.042064948177417724,157.70726213683903,87.88604722107667,3.751112767739148,5.0,3.1405302950823044,0.5,0.9712560309656242,0.0,0.0,0.04658646528376251,0.737322138564449,0.0,0.8049033394155543,0.0,0.0,0.16857108522523914,1.0,1.0,0.5315081183929027,1.0,0.44484820139965814,0.12359441879732644,1.0,0.0,0.9855259258820258,1,0.0,1.0,0.20449506156567937,1.0,0.38051024213357343,0.8337860266734425,0.36120142579256137,0.6090363637469514,1.0,0.6292541334562937,0.8694647244224102,1.0,0.0,0.2554712709578454,0.42015215092155506,0.45537059038367345,0.0,0.0,0.5763831028268425,1.0
2.999,0.001,77.51526928888089,0.001,0.5,1.0,2.0,0.10099702440737723,54.9960905608671,0.033113500428250515,200.0,32.0,0.0,0.620992058168345,0.5718161736411392,0.5,0.9116690455053346,0.1954405119090965,0.0,0.4759762293860251,0.737322138564449,0.0,0.6121163691604963,0.8860129462994739,0.0,0.541808719133392,0.0,1.0,0.20986538500541557,1.0,0.0,0.9502787180883762,1.0,1.0,0.9577154650856,0,0.09425499362028562,0.8230595573139822,0.46117117470730956,0.9296263351100247,0.38394914204464714,0.5542992200457952,0.8671555149727507,0.46456608938188726,0.0,0.6292541334562937,0.5091986601238763,1.0,0.0,0.6260501498665032,0.42015215092155506,1.0,1.0,0.279642524617599,1.0,0.7452454649850213
2.999,500.0,482.01906250512775,0.001,0.5,10.313641497811908,2.0,0.10099702440737723,54.9960905608671,0.022571558705580735,165.85435180159806,48.70799561149802,3.751112767739148,0.0,0.0,0.5,0.8806158382177505,1.0,0.0,0.43924469952231154,0.427581407096804,0.0,0.8049033394155543,0.0,0.0,0.16857108522523914,1.0,1.0,0.5315081183929027,1.0,0.44484820139965814,0.12359441879732644,1.0,0.0,0.9855259258820258,0,0.09425499362028562,0.0,0.46117117470730956,1.0,0.9632203470456864,1.0,0.8671555149727507,0.0,0.525567471215956,0.6292541334562937,0.7963972585372694,1.0,0.4814982120319598,0.08100391164954311,0.42015215092155506,1.0,1.0,0.12862367062952035,1.0,1.0
2.999,500.0,189.4192927780055,0.001,0.5,20.872659673561753,2.0,0.10099702440737723,54.9960905608671,0.05,165.85435180159806,48.70799561149802,3.751112767739148,0.0,0.0,0.5,0.8806158382177505,1.0,0.0,0.43924469952231154,0.427581407096804,0.0,0.0,0.03962105703306695,0.0,0.541808719133392,0.0,1.0,0.5315081183929027,1.0,0.0,1.0,1.0,0.0,0.9855259258820258,0,0.09425499362028562,0.0,1.0,1.0,0.38051024213357343,0.8337860266734425,0.0,0.6090363637469514,0.8250639672199271,0.6292541334562937,0.7963972585372694,1.0,0.0,0.2554712709578454,0.42015215092155506,0.45537059038367345,0.0,0.0,0.5763831028268425,1.0
2.999,500.0,482.01906250512775,0.001,0.5,10.313641497811908,2.0,0.10099702440737723,54.9960905608671,0.042064948177417724,157.70726213683903,87.88604722107667,3.751112767739148,0.620992058168345,2.5612988848118787,0.5,0.9712560309656242,1.0,0.20866534414044735,0.43924469952231154,0.737322138564449,1.0,0.0,0.03962105703306695,0.0,0.541808719133392,0.0,0.0,0.0,0.4363291825191151,1.0,0.7159109297926328,1.0,0.0,0.9855259258820258,0,0.09425499362028562,0.0,0.46117117470730956,1.0,0.9632203470456864,1.0,0.8671555149727507,0.0,0.525567471215956,0.6292541334562937,0.7963972585372694,1.0,0.4814982120319598,0.08100391164954311,0.42015215092155506,1.0,1.0,0.12862367062952035,1.0,1.0
2.999,0.001,0.001,0.05578891925800333,0.5,9.735054989611196,2.0,0.10099702440737723,54.9960905608671,0.015198362713017083,165.85435180159806,128.0,1.5305247892298492,0.9440169100622311,0.5718161736411392,0.5,0.8806158382177505,0.0,0.0,0.910415943599414,1.0,0.9477080516827097,0.0,0.03962105703306695,0.0,0.16857108522523914,1.0,1.0,0.5315081183929027,0.0,0.0,1.0,1.0,0.0,1.0,0,0.0,1.0,0.20449506156567937,1.0,0.38051024213357343,0.8337860266734425,0.36120142579256137,0.6090363637469514,0.1484742542251322,0.15605859609706418,0.0,1.0,0.0,0.9001844349899562,0.42015215092155506,0.9052993105543796,0.030586184435445626,0.279642524617599,1.0,0.7452454649850213
2.999,493.33153099343394,500.0,0.001,0.5,1.0,2.0,0.04813837093723018,54.9960905608671,0.011230762956958011,50.39052221286768,128.0,1.198989268580069,4.172538338445078,2.5612988848118787,0.5,0.7658812430565589,1.0,0.20866534414044735,0.7596880026727555,1.0,0.9477080516827097,0.0,0.03962105703306695,0.40481822200215634,0.541808719133392,0.0,1.0,0.5315081183929027,0.3649431910953541,0.0,1.0,1.0,0.4828611131754385,0.5626703152220135,0,0.09425499362028562,0.8230595573139822,0.46117117470730956,1.0,0.9632203470456864,0.0,0.0,0.6090363637469514,1.0,0.6292541334562937,0.7963972585372694,1.0,0.0,0.2554712709578454,0.42015215092155506,0.45537059038367345,0.0,0.0,0.970236647038089,0.14237746323125045
2.999,0.001,500.0,0.001,0.5,1.0,2.0,0.10099702440737723,54.9960905608671,0.011230762956958011,165.85435180159806,128.0,1.5305247892298492,0.9440169100622311,0.5718161736411392,0.5,0.8806158382177505,0.0,0.0,0.910415943599414,1.0,0.9477080516827097,0.0,0.03962105703306695,0.0,0.16857108522523914,1.0,1.0,0.5315081183929027,0.0,0.0,1.0,1.0,0.0,1.0,0,0.0,0.8230595573139822,0.46117117470730956,1.0,0.38051024213357343,0.8337860266734425,0.36120142579256137,0.36301102828079956,0.8250639672199271,0.6292541334562937,0.0,1.0,0.0,0.9001844349899562,0.42015215092155506,0.9052993105543796,0.030586184435445626,0.279642524617599,1.0,0.7452454649850213
2.999,500.0,482.01906250512775,0.05578891925800333,0.5,9.735054989611196,2.0,0.10099702440737723,54.9960905608671,0.015198362713017083,200.0,48.70799561149802,3.751112767739148,0.0,0.0,0.5,0.8806158382177505,0.5317035088004458,0.0,0.04658646528376251,1.0,0.0,0.8049033394155543,0.03962105703306695,0.0,0.541808719133392,1.0,1.0,0.20986538500541557,0.1736646794727027,1.0,0.0,1.0,0.0,1.0,0,0.09425499362028562,0.8230595573139822,0.4498170274309836,1.0,0.38051024213357343,0.8337860266734425,0.36120142579256137,1.0,0.1484742542251322,0.6292541334562937,0.7963972585372694,1.0,0.34690687182886515,0.7436754380594002,0.42015215092155506,1.0,1.0,0.0,1.0,1.0
2.999,0.001,77.51526928888089,0.001,0.5,1.0,2.0,0.0,54.9960905608671,0.033113500428250515,200.0,128.0,4.0,0.2761048372275403,0.5718161736411392,0.5,0.8806158382177505,0.0,0.0,0.23696783703216717,0.3916770976786359,0.0,0.6443387660005109,0.0,0.0,0.17259161465700512,0.0,1.0,0.5315081183929027,0.0,1.0,0.7159109297926328,0.42405846754262827,0.0,0.8841842385928902,0,0.0496122989098193,0.0,0.4498170274309836,1.0,0.38051024213357343,0.8337860266734425,0.36120142579256137,0.9118366745262152,0.525567471215956,0.36971421732433324,0.7633858116504582,0.3992061641263486,0.0,0.2554712709578454,0.42015215092155506,0.45537059038367345,0.0,0.0,1.0,0.7452454649850213
2.999,0.001,77.51526928888089,0.001,0.5,1.0,2.0,0.10099702440737723,54.9960905608671,0.033113500428250515,200.0,32.0,0.0,0.620992058168345,0.0,0.5,0.8806158382177505,1.0,0.0,0.43924469952231154,0.737322138564449,0.0,0.0,0.03962105703306695,0.0,0.16857108522523914,0.0,1.0,0.5315081183929027,0.0,0.0,0.7159109297926328,1.0,0.0,0.9855259258820258,0,0.09425499362028562,0.8230595573139822,0.46117117470730956,0.6542800333389729,0.9632203470456864,0.8337860266734425,0.36120142579256137,1.0,1.0,0.6292541334562937,0.7963972585372694,1.0,0.4814982120319598,0.08100391164954311,0.42015215092155506,1.0,1.0,0.279642524617599,1.0,0.7452454649850213
2.999,0.001,77.51526928888089,0.001,0.5,1.0,2.0,0.0,54.9960905608671,0.033113500428250515,200.0,128.0,4.0,0.2761048372275403,0.5718161736411392,0.5,0.6847064064758791,0.0,0.0,0.23696783703216717,0.3916770976786359,0.0,0.6443387660005109,0.0,0.0,0.16857108522523914,0.0,1.0,0.5315081183929027,0.0,0.0,0.7159109297926328,1.0,0.0,0.9855259258820258,0,0.09425499362028562,0.8230595573139822,0.46117117470730956,0.6542800333389729,0.9632203470456864,0.8337860266734425,0.36120142579256137,1.0,1.0,0.6292541334562937,0.7633858116504582,0.3992061641263486,0.0,0.2554712709578454,0.42015215092155506,0.45537059038367345,0.0,0.0,1.0,0.7452454649850213
2.999,446.5326687168438,0.001,0.001,0.5,1.0,2.0,0.10099702440737723,54.9960905608671,0.011230762956958011,165.85435180159806,36.931696685781425,3.751112767739148,0.620992058168345,2.5612988848118787,0.5,0.9712560309656242,0.0,0.0,0.23696783703216717,0.3916770976786359,0.0,0.6443387660005109,0.0,0.0,0.541808719133392,0.0,0.0,0.0,1.0,0.44484820139965814,0.12359441879732644,1.0,0.44735495666604574,0.9855259258820258,1,0.0,0.5802531120275536,0.20449506156567937,1.0,0.9632203470456864,1.0,0.8671555149727507,1.0,0.8250639672199271,0.6292541334562937,0.7963972585372694,0.5023929991711246,0.0,1.0,0.42015215092155506,1.0,1.0,0.0,0.5763831028268425,1.0
2.999,446.5326687168438,0.001,0.001,0.5,1.0,2.0,0.10099702440737723,54.9960905608671,0.001,165.85435180159806,36.931696685781425,3.751112767739148,0.620992058168345,2.5612988848118787,0.5,0.9712560309656242,0.1954405119090965,0.0,0.4212284729235576,0.738191818040647,0.0,0.8232747120912352,0.8860129462994739,0.0,0.16857108522523914,1.0,1.0,0.5315081183929027,1.0,0.16196983251637492,0.12359441879732644,0.0,0.0,0.9855259258820258,1,0.0,1.0,0.20449506156567937,1.0,0.38051024213357343,0.8337860266734425,0.36120142579256137,0.4999945079987914,0.8250639672199271,0.6292541334562937,0.0,1.0,0.0,0.9001844349899562,0.42015215092155506,0.9052993105543796,0.030586184435445626,0.1289895753732843,0.5763831028268425,1.0
2.999,0.001,500.0,0.001,0.5,1.0,3.012895178626562,0.10099702440737723,54.9960905608671,0.042064948177417724,157.70726213683903,87.88604722107667,3.751112767739148,5.0,4.0,0.5,0.8806158382177505,0.0,0.0,0.910415943599414,1.0,0.9477080516827097,0.0,0.03962105703306695,0.20057568896566527,0.8835402419670042,1.0,1.0,0.20986538500541557,0.1736646794727027,0.9972746623185861,0.0,1.0,0.16073854493354842,0.9855259258820258,0,0.0,0.8230595573139822,0.46117117470730956,1.0,0.38051024213357343,0.8337860266734425,0.36120142579256137,0.4999945079987914,0.8250639672199271,0.6292541334562937,0.0,1.0,0.0,0.9001844349899562,0.42015215092155506,0.9052993105543796,0.030586184435445626,0.279642524617599,1.0,1.0
2.999,446.5326687168438,0.001,0.001,0.5,1.0,2.0,0.10099702440737723,151.3071390037489,0.001,172.9056384849504,32.0,1.0220822066706905,2.131084081921467,3.1405302950823044,0.5,0.9712560309656242,0.1954405119090965,0.0,0.43924469952231154,0.5696814215279717,0.0,0.0,0.03962105703306695,0.0,0.16857108522523914,0.0,1.0,0.5315081183929027,1.0,1.0,0.8585957813448778,0.42405846754262827,0.0,0.9855259258820258,1,0.09425499362028562,0.047689025792081945,0.46117117470730956,1.0,0.9632203470456864,1.0,0.0,0.024319211118534974,1.0,0.6292541334562937,0.7633858116504582,0.3992061641263486,0.8998064501796132,0.29410690576321763,0.0,1.0,0.21190773858594297,0.0,0.5763831028268425,1.0
2.999,446.5326687168438,0.001,0.001,0.5,1.0,2.0,0.10099702440737723,54.9960905608671,0.05,165.85435180159806,48.70799561149802,3.751112767739148,0.620992058168345,2.5612988848118787,0.5,0.9712560309656242,1.0,0.20866534414044735,0.7596880026727555,1.0,0.9477080516827097,0.0,0.03962105703306695,0.20393346101664242,0.16857108522523914,0.6004053475518591,1.0,0.0,0.0,1.0,0.7159109297926328,1.0,0.0,0.7097578583658585,1,0.0,1.0,0.20449506156567937,1.0,0.38051024213357343,0.8337860266734425,0.36120142579256137,0.4999945079987914,0.8250639672199271,0.6292541334562937,0.0,1.0,0.0,0.9001844349899562,0.42015215092155506,0.9052993105543796,0.4948979548223464,0.1289895753732843,0.5763831028268425,1.0
2.999,446.5326687168438,500.0,0.001,0.5,1.0,2.0,0.04813837093723018,10.0,0.042064948177417724,107.67312555691841,128.0,1.0220822066706905,0.620992058168345,0.0,0.5,1.0,1.0,0.0,0.7596880026727555,1.0,1.0,0.6443387660005109,0.0,0.0,1.0,0.44525988690628066,1.0,0.20986538500541557,0.1736646794727027,1.0,0.0,0.42405846754262827,0.0,1.0,0,0.09425499362028562,0.0,1.0,1.0,0.38051024213357343,0.8337860266734425,0.8671555149727507,1.0,0.8250639672199271,0.7529713478018425,0.7963972585372694,1.0,0.0,0.2554712709578454,0.34269906005992823,0.43073462274685254,0.577612578017197,0.0,0.3265261044242018,0.7703084356222877
