uidA,uidB,ConfidenceA,ConfidenceB,PPI_type,Top_Docking_Score,Average3_Docking_Score,Average5_Docking_Score,Average10_Docking_Score
P25963,P04083,82.58,95.59,1,-291.78,-271.546666666667,-258.076,-239.136
Q9Y6K9,O14980,82.83,91.62,1,-254.26,-248.773333333333,-246.02,-242.128
Q8IV04,P16298,81.7,85.85,1,-263.86,-250.966666666667,-246.29,-238.741
Q14164,K9JA46,88.66,84.41,1,-316.82,-290.546666666667,-275.044,-252.496
Q9Y333,P31689,94.61,83.35,1,-254.92,-242.15,-237.498,-229.721
Q9UHD2,P0DPH7,89.88,91.52,1,-227.35,-221.38,-218.794,-213.163
Q9Y6K9,Q9UBF6,82.83,83.71,1,-268.19,-256.706666666667,-244.374,-231.629
O95167,O75800,96.84,88.78,1,-262.74,-260.106666666667,-255.68,-245.912
P63261,Q14164,95.34,88.66,1,-265.96,-252.253333333333,-242.686,-228.483
Q9Y6K9,A0A024RD80,82.83,82.98,1,-243.41,-239.756666666667,-235.944,-229.567
P07437,Q9UHD2,91.86,89.88,1,-228.05,-221.643333333333,-218.874,-213.389
Q9Y4K3,P31689,86.19,83.35,1,-266.4,-262.576666666667,-257.226,-249.736
Q9Y6K9,A0A024R4Q8,82.83,88.76,1,-250.75,-249.363333333333,-248.114,-245.535
Q15628,Q15628,84.91,84.91,1,-259.67,-251.29,-245.994,-240.254
Q9Y6K9,Q9NY65,82.83,91.91,1,-230.87,-229.826666666667,-225.736,-219.173
A0A024R8H5,P27708,87.27,87.41,1,-285.03,-281.656666666667,-273.462,-258.692
Q9Y4K3,P0CG47,86.19,93.71,1,-269.68,-240.893333333333,-234.336,-226.93
O15111,P04350,84.64,92.24,1,-260.37,-247.706666666667,-239.22,-230.733
A0A140VK70,Q9Y4K3,80.46,86.19,1,-271.63,-265.973333333333,-262.184,-253.649
Q9UHD2,P04350,89.88,92.24,1,-234.43,-232.326666666667,-227.414,-220.864
Q9UBT7,Q00722,84.52,84.81,1,-217.25,-214.603333333333,-212.726,-207.831
B2RDW1,Q9Y4K3,89.19,86.19,1,-268.15,-262.33,-255.572,-249.169
Q3ZCQ8,O14920,80.56,86.45,1,-284.7,-265.093333333333,-259.372,-251.452
A0A024R475,B2RNT7,88.45,82.42,1,-272.11,-252.003333333333,-246.936,-239.551
O15111,P19105,84.64,84.14,1,-244.46,-237.19,-233.736,-225.725
P26998,A0A024R429,87.7,92.79,1,-264.87,-244.366666666667,-237.67,-230.438
P0DPH7,Q14164,91.52,88.66,1,-267.98,-261.16,-256.2,-246.375
Q9UNE7,A0A024R8H5,89.79,87.27,1,-253.24,-247.083333333333,-241.95,-234.205
P11142,Q15628,89.18,84.91,1,-273.96,-248.42,-240.35,-226.701
Q9Y4K3,P0DPH7,86.19,91.52,1,-246.15,-238.9,-235.164,-230.261
A0A024R8H5,Q14164,87.27,88.66,1,-287.17,-268.053333333333,-261.154,-251.899
P0DPH7,O14920,91.52,86.45,1,-243.93,-225.38,-219.09,-212.268
P43320,P43320,89.38,89.38,1,-278.46,-272.656666666667,-268.932,-260.947
P15535,P15291,84.82,85.25,1,-313.23,-304.176666666667,-299.638,-293.424
Q14164,Q14164,88.66,88.66,1,-337.57,-315.266666666667,-306.948,-292.659
P25963,P25963,82.58,82.58,1,-335.9,-314.88,-303.772,-289.485
P63261,A0A024R8H5,95.34,87.27,1,-217.25,-215.5,-214.994,-210.316
P22102,Q8IXJ6,92.65,82.86,1,-234.68,-224.586666666667,-219.858,-213.606
P11142,P25963,89.18,82.58,1,-237.42,-227.723333333333,-221.568,-213.534
P52907,Q9Y6K9,93.51,82.83,1,-247.83,-246.89,-244.038,-236.41
Q9NTJ3,Q9Y6K9,81.9,82.83,1,-265.87,-253.826666666667,-247.084,-233.559
P48047,Q9Y6K9,83.36,82.83,1,-243.49,-234.116666666667,-226.932,-219.363
A0A024R8H5,P0CG47,87.27,93.71,1,-226.16,-222.283333333333,-220.056,-215.373
P60660,Q14164,95.37,88.66,1,-242.97,-229.113333333333,-225.122,-219.392
P11142,Q14164,89.18,88.66,1,-261.37,-254.726666666667,-244.856,-234.418
Q9BTW9,Q9Y6K9,90.55,82.83,1,-239.16,-235.633333333333,-233.73,-228.997
P07737,P60709,95.81,95.51,1,-216.99,-212.243333333333,-208.74,-202.852
A0A1U9X777,Q9BVK8,88.64,92.52,1,-432.44,-415.473333333333,-406.776,-395.784
Q9Y6K9,K9JA46,82.83,84.41,1,-228.97,-222.373333333333,-220.036,-216.951
Q9UHD2,K9JA46,89.88,84.41,1,-270.24,-247.17,-234.706,-218.657
P05141,Q15628,91.43,84.91,1,-287.8,-279.126666666667,-274.996,-269.814
A0A140VK54,Q9Y3E7,83.4,81.92,1,-208.45,-202.95,-200.016,-196.372
B2R4C5,O14920,93.7,86.45,1,-261.74,-256.296666666667,-253.64,-244.899
P05213,P31689,91.96,83.35,1,-230.19,-226.503333333333,-224.156,-219.626
Q9Y6K9,P27708,82.83,87.41,1,-276.3,-270.683333333333,-264.226,-254.971
Q9UFF9,P62324,90.83,81.96,1,-245.63,-239.493333333333,-234.608,-226.533
A0A1U9X777,P03901,88.64,88.57,1,-428.55,-382.31,-366.158,-350.439
P63208,Q9UKB1,90.26,86.14,1,-241.73,-225.413333333333,-220.422,-213.667
Q05639,Q15628,88.74,84.91,1,-229.43,-219.433333333333,-215.79,-208.519
Q9Y6K9,P0CG47,82.83,93.71,1,-279.79,-237.563333333333,-225.462,-215.293
P63208,P25963,90.26,82.58,1,-238.28,-217.376666666667,-211.76,-204.223
Q9UHD2,P50991,89.88,89.16,1,-245.66,-238.24,-235.81,-229.874
Q14164,A0A384P5G6,88.66,84.94,1,-242.66,-231.163333333333,-225.462,-218.436
Q9UIV1,Q9ULM6,91.4,90.02,1,-228.2,-212.413333333333,-206.438,-200.04
Q9UHD2,Q9UHD2,89.88,89.88,1,-295.02,-285.366666666667,-272.476,-249.892
Q9Y6K9,Q05639,82.83,88.74,1,-249.58,-234.73,-229.078,-217.947
A0A024R8H5,Q05639,87.27,88.74,1,-223.91,-221.343333333333,-218.928,-211.212
Q9Y6K9,P61247,82.83,84.38,1,-255.66,-242.79,-233.29,-223.784
Q9Y4K3,Q05639,86.19,88.74,1,-238.97,-236.95,-234.586,-228.431
O15111,O15111,84.64,84.64,1,-305.35,-294.2,-283.976,-271.078
P27708,Q15628,87.41,84.91,1,-248.91,-247.93,-245.872,-241.896
Q9H9T3,P25963,92,82.58,1,-286.07,-262.79,-255.628,-247.409
Q9UHD2,P11021,89.88,90.33,1,-238.56,-232.85,-226.742,-215.722
Q06609,P27694,91.59,85.41,1,-283.8,-265.973333333333,-257.188,-246.406
P05556,E9KL35,86.03,89.39,1,-277.61,-259.51,-253.532,-244.147
A0A024R8H5,P11021,87.27,90.33,1,-250.6,-227.24,-220.046,-210.288
P63261,O15111,95.34,84.64,1,-230.28,-221.473333333333,-217.998,-211.497
Q9Y4K3,A0A140VJS3,86.19,81.39,1,-285.31,-272.19,-265.972,-254.358
O15111,A0A024RD80,84.64,82.98,1,-237.72,-232.166666666667,-225.534,-210.716
Q06609,P07737,91.59,95.81,1,-231.33,-225.85,-222.044,-215.628
Q06609,P60709,91.59,95.51,1,-235.11,-223.263333333333,-220.44,-215.628
O15111,Q05639,84.64,88.74,1,-221.72,-212.076666666667,-208.838,-203.566
Q9UHD2,A0A384P5G6,89.88,84.94,1,-245.68,-245.023333333333,-236.462,-227.591
Q9UHD2,P62269,89.88,88.98,1,-307.99,-288.603333333333,-281.56,-269.636
Q9UHD2,A0A024R8H5,89.88,87.27,1,-281.6,-261.656666666667,-254.632,-244.368
P07437,O14920,91.86,86.45,1,-241.52,-229.74,-222.536,-214.956
P43320,A0A024R429,89.38,92.79,1,-279.74,-276.8,-268.426,-254.918
P43320,A0A0X8GLL6,89.38,96.4,1,-311.36,-297.786666666667,-288.992,-275.087
P53597,Q7LBR1,92.01,81.24,1,-264.79,-249.423333333333,-244.428,-236.941
Q99460,Q9Y4K3,80.33,86.19,1,-258.34,-246.566666666667,-240.524,-230.059
Q9UHD2,A0A024R4Q8,89.88,88.76,1,-322.56,-292.68,-279.652,-264.451
Q9Y6K9,Q71UM5,82.83,93.16,1,-258.22,-253.01,-250.602,-240.589
P55072,Q9Y4K3,83.37,86.19,1,-252.88,-250.6,-248.178,-245.522
P25963,A0A384P5G6,82.58,84.94,1,-221.08,-219.1,-216.048,-211.597
P07437,Q9Y4K3,91.86,86.19,1,-244.07,-234.753333333333,-229.308,-220.883
A0A1U9X777,O75391,88.64,85.69,1,-294.2,-278.426666666667,-268.718,-257.312
P26998,P26998,87.7,87.7,1,-254.22,-252.16,-245.79,-237.643
K9JA46,O14920,84.41,86.45,1,-245.87,-239.306666666667,-230.924,-219.004
A0A1U9X7W7,Q9Y4K3,89.35,86.19,1,-267.03,-254.233333333333,-248.208,-241.647
A0A097PIJ6,P53674,90.01,82.37,1,-279.34,-275.306666666667,-269.134,-257.41
P12236,Q15628,91.79,84.91,1,-296.79,-294.613333333333,-291.776,-282.608
O15397,Q15628,87.36,84.91,1,-254.22,-251.143333333333,-246.286,-239.673
P05813,P26998,88.4,87.7,1,-264.01,-258.463333333333,-255.336,-249.562
Q9Y6K9,E9KL35,82.83,89.39,1,-258.41,-243.26,-238.982,-230.803
A0A1U9X7W7,P25963,89.35,82.58,1,-232.82,-230.166666666667,-227.822,-221.965
Q9Y230,Q9UHD2,84.33,89.88,1,-247.75,-240.736666666667,-235.18,-228.288
A4D0W0,Q9Y333,95.04,94.61,1,-371.82,-272.75,-249.026,-224.15
A0A024R8H5,Q15628,87.27,84.91,1,-259.67,-243.55,-240.032,-233.884
Q9Y6K9,P04843,82.83,90.73,1,-352.11,-327.73,-307.696,-280.566
O15111,Q13451,84.64,92.88,1,-240.59,-233.36,-229.796,-222.999
Q9Y230,A0A024R8H5,84.33,87.27,1,-256.7,-248.206666666667,-244.24,-235.503
P0DPH7,Q15628,91.52,84.91,1,-262.47,-252.22,-245.358,-233.606
O15111,K9JA46,84.64,84.41,1,-219.69,-211.58,-208.606,-203.973
P41241,B2R6Q4,91.99,89.65,1,-224.06,-217.43,-209.87,-201.818
Q9Y4K3,P25789,86.19,93.26,1,-269,-264.703333333333,-261.9,-255.876
Q14974,Q15628,94.92,84.91,1,-243.82,-237.753333333333,-232.648,-226.853
O00411,P25963,83.78,82.58,1,-265.97,-252.97,-247.26,-239.083
Q9Y6K9,P06576,82.83,85.83,1,-243.25,-234.546666666667,-229.404,-222.553
Q9UHD2,P78371,89.88,89.67,1,-248.66,-243.886666666667,-241.79,-235.416
Q9Y4K3,A0A140VJS6,86.19,96.42,1,-284,-275.563333333333,-270.862,-263.481
P25963,O14920,82.58,86.45,1,-258.69,-246.413333333333,-238.856,-230.764
P23396,Q15628,91.34,84.91,1,-248.31,-243.053333333333,-238.878,-228.054
Q9Y6K9,P0DPH7,82.83,91.52,1,-241,-234.17,-229.934,-223.371
P05141,Q9Y6K9,91.43,82.83,1,-251.89,-244.56,-241.158,-233.21
Q9Y4K3,A0A384P5G6,86.19,84.94,1,-248.06,-245.046666666667,-239.896,-234.193
Q9Y6K9,O00159,82.83,83.47,1,-297.23,-289.593333333333,-286.22,-276.144
A0A1U9X777,Q9UKJ0,88.64,81.06,1,-415.1,-392.683333333333,-372.418,-351.773
P11142,Q9UHD2,89.18,89.88,1,-258.74,-241.336666666667,-232.524,-219.97
Q9Y6K9,A0A024RCN6,82.83,86.45,1,-279.86,-270.79,-263.304,-252.091
Q9Y6K9,P04350,82.83,92.24,1,-239.34,-229.54,-222.944,-216.544
P05023,Q15628,88.7,84.91,1,-306.05,-294.183333333333,-287.698,-278.735
Q9Y6K9,A0A024R158,82.83,80.02,1,-262.87,-248.19,-240.672,-228.948
P07437,P25963,91.86,82.58,1,-224.61,-222.133333333333,-219.682,-212.852
Q9Y6K9,P25963,82.83,82.58,1,-284.13,-278.05,-271.8,-257.46
P05141,P25963,91.43,82.58,1,-342.29,-327.59,-319.784,-309.003
Q9Y6K9,P53621,82.83,85.08,1,-283.61,-269.203333333333,-264.436,-251.501
P62249,Q15628,93.87,84.91,1,-254.85,-239.35,-234.438,-228.799
Q9Y6K9,Q9Y6K9,82.83,82.83,1,-356.08,-312.406666666667,-294.46,-270.688
A0A024R694,Q9HBI1,83.49,82.46,1,-242.09,-231.606666666667,-225.216,-218.139
Q9Y6K9,O15111,82.83,84.64,1,-271.12,-265.693333333333,-260.692,-255.363
A0A0S2Z590,O00299,88.16,94.25,1,-228.6,-217.083333333333,-211.204,-202.309
A0A024R6W2,Q14164,90.96,88.66,1,-312.97,-296.236666666667,-287.624,-277.902
Q9Y6K9,A0A384NKX5,82.83,88.81,1,-250.75,-245.776666666667,-241.872,-233.434
A0A024R8H5,O95816,87.27,86.84,1,-291.13,-276.69,-263.628,-247.806
P11142,Q9Y6K9,89.18,82.83,1,-206.17,-200.673333333333,-198.922,-195.754
Q9Y6K9,P56192,82.83,90.47,1,-240.23,-237.056666666667,-234.94,-230.402
A0A024R8H5,P31689,87.27,83.35,1,-282.52,-270.23,-259.822,-248.177
Q9Y6K9,P07437,82.83,91.86,1,-240.41,-236.063333333333,-232.65,-224.274
Q06609,P15927,91.59,80.68,1,-262.34,-248.636666666667,-244.176,-234.43
Q9Y6K9,P05937,82.83,81.57,1,-219.45,-208.806666666667,-206.084,-200.068
P62241,Q9UHD2,92.85,89.88,1,-285.37,-273.103333333333,-259.896,-248.93
Q9UHD2,P18124,89.88,94.06,1,-277.8,-273.786666666667,-268.116,-257.74
A8K4C8,Q9UHD2,95.34,89.88,1,-335.12,-319.583333333333,-310.482,-293.058
P53674,P53674,82.37,82.37,1,-304.53,-289.2,-274.48,-261.272
K9JA46,P07901,84.41,85.54,1,-337.95,-272.923333333333,-249.67,-218.984
P07437,Q14164,91.86,88.66,1,-251.66,-247.77,-245.882,-236.973
P36895,P36894,82.8,83.27,1,-390.02,-357.543333333333,-342.156,-322.982
Q9Y4K3,P11021,86.19,90.33,1,-278.96,-254.326666666667,-244.284,-228.1
P11142,P60709,89.18,95.51,1,-227.77,-215.816666666667,-211.802,-202.773
E9KL35,Q9UKT8,89.39,88.25,1,-265.18,-259.78,-254.2,-244.304
A0A140VK42,Q9Y4K3,80.19,86.19,1,-286.39,-276.703333333333,-268.836,-254.101
Q9Y6K9,Q3ZCQ8,82.83,80.56,1,-283.98,-279.186666666667,-274.398,-267.059
A0A097PIJ6,P43320,90.01,89.38,1,-263.54,-257.976666666667,-253.244,-243.998
A0A024R8H5,A0A024R1Q8,87.27,92.61,1,-259.86,-251.01,-243.21,-234.35
O75643,Q7LBR1,83.58,81.24,1,-260.77,-253.103333333333,-248.338,-239.077
Q13451,Q14164,92.88,88.66,1,-241.11,-236.296666666667,-233.35,-229.918
Q9UKB1,P25963,86.14,82.58,1,-298.54,-293.846666666667,-283.69,-273.784
P28074,Q9Y4K3,83.01,86.19,1,-265.24,-258.236666666667,-253.244,-246.923
Q9Y6K9,Q96P70,82.83,88.02,1,-251.27,-248.566666666667,-246.846,-239.914
A0A024RD80,O14920,82.98,86.45,1,-271.26,-234,-224.746,-214.425
P08709,Q9Y6K9,82.74,82.83,1,-257.16,-237.73,-230.158,-221.927
O95831,Q15628,85.79,84.91,1,-277.24,-270.073333333333,-263.094,-252.433
Q15628,P31689,84.91,83.35,1,-256.63,-247.22,-239.776,-229.792
A0A384P5G6,O14920,84.94,86.45,1,-273.62,-245.453333333333,-234.542,-221.595
Q9Y6K9,P54136,82.83,92.24,1,-284.94,-276.893333333333,-264.638,-249.669
O43542,O43502,88.14,84.45,1,-263.68,-255.063333333333,-250.644,-242.167
Q9Y6K9,Q92616,82.83,82.59,1,-279.43,-263.48,-255.208,-242.973
Q9Y6K9,A0A384P5G6,82.83,84.94,1,-235.36,-231.943333333333,-225.06,-217.226
P07437,Q15628,91.86,84.91,1,-230.25,-225.893333333333,-221.638,-214.229
Q9Y4K3,Q15008,86.19,83.86,1,-267.79,-262.646666666667,-256.784,-246.455
P42677,Q15628,92.78,84.91,1,-248.95,-232.84,-228.018,-221.597
Q15628,A0A024RD80,84.91,82.98,1,-250.97,-245.586666666667,-240.604,-232.217
P11021,O14920,90.33,86.45,1,-216.64,-212.05,-206.936,-199.2
Q14974,Q9Y4K3,94.92,86.19,1,-253.37,-246.856666666667,-239.738,-232.266
Q14164,P48643,88.66,89.4,1,-282.49,-260.806666666667,-249.752,-236.539
Q9Y4K3,P62333,86.19,87.05,1,-326.29,-298.206666666667,-285.674,-270.322
Q9UHD1,K9JA46,81.38,84.41,1,-223.79,-211.226666666667,-205.454,-199.511
O15111,A0A384P5G6,84.64,84.94,1,-234.79,-231.07,-224.788,-216.76
P11142,Q9Y4K3,89.18,86.19,1,-255.63,-242.803333333333,-235.592,-227.433
Q9UFF9,P78543,90.83,86.58,1,-222.37,-218.773333333333,-212.834,-206.527
P53674,A0A024R429,82.37,92.79,1,-274.01,-266.94,-261.592,-252.268
O95670,P36543,94.19,94.78,1,-395.54,-315.226666666667,-289.004,-264.19
P49368,Q9UHD2,89.09,89.88,1,-305.77,-255.966666666667,-243.188,-230.973
A0A1U9X7W7,O14920,89.35,86.45,1,-244.08,-235.943333333333,-230.012,-220.599
Q9Y6K9,P62140,82.83,91.99,1,-234.4,-229.463333333333,-220.646,-210.708
Q9Y4K3,P25786,86.19,91.86,1,-309.37,-293.066666666667,-281.462,-267.99
P05813,P43320,88.4,89.38,1,-281.48,-271.04,-266.82,-257.287
P35250,A8K7B7,86.24,92.46,1,-242.5,-232.503333333333,-228.7,-221.989
Q15628,P0CG47,84.91,93.71,1,-246.02,-229.033333333333,-222.362,-212.885
P11142,O14920,89.18,86.45,1,-241.82,-222.3,-216.808,-210.317
Q71U36,Q9Y6K9,91.89,82.83,1,-230.11,-214.793333333333,-209.746,-201.409
Q9Y6K9,P62913,82.83,92.01,1,-259.77,-251.116666666667,-246.486,-239.86
Q9Y6K9,Q676U5,82.83,84.38,1,-361,-337.79,-324.36,-300.342
P63261,Q15628,95.34,84.91,1,-234.3,-228.92,-224.252,-217.868
P51665,Q9Y4K3,82.92,86.19,1,-296.15,-294.646666666667,-287.366,-278.193
P05141,A0A024R8H5,91.43,87.27,1,-288.37,-285.406666666667,-281.468,-273.121
P07814,O14920,83.43,86.45,1,-252,-238.196666666667,-233.162,-227.125
Q9Y6K9,Q9UIA9,82.83,87.45,1,-264.09,-262.15,-258.4,-249.692
P63261,P25963,95.34,82.58,1,-256.74,-241.286666666667,-232.716,-223.046
Q9Y6K9,P62263,82.83,90.01,1,-266.29,-254.306666666667,-246.798,-237.077
P07437,O15111,91.86,84.64,1,-258.66,-249.29,-239.896,-228.45
Q9UHD2,A0A024RD80,89.88,82.98,1,-238.02,-228.25,-223.164,-217.219
Q9UIV1,P62324,91.4,81.96,1,-263.42,-242.55,-231.082,-218.277
Q96Q05,O43617,82.92,90.59,1,-247.07,-243.496666666667,-237.46,-230.433
A0A024R8H5,P17858,87.27,92.8,1,-262.3,-252.586666666667,-249.886,-237.694
A0A140VK49,P16104,88.88,87.33,1,-284.35,-267.57,-255.028,-242.092
Q9Y6K9,P49327,82.83,85.91,1,-268.67,-266.97,-263.658,-256.087
Q9Y6K9,P23396,82.83,91.34,1,-245.96,-236.493333333333,-233.048,-226.732
P60866,Q9Y6K9,85.63,82.83,1,-229.9,-218.793333333333,-211.142,-203.27
P23506,P22061,96.65,96.2,1,-233.83,-229.276666666667,-226.656,-220.663
P04350,O14920,92.24,86.45,1,-244.65,-231.893333333333,-222.316,-211.851
A0A024R8H5,A0A384P5G6,87.27,84.94,1,-279.54,-246.39,-237.522,-229.494
A0A384NKW7,Q9Y6K9,89.6,82.83,1,-253.59,-246.91,-242.048,-231.365
P27694,P60709,85.41,95.51,1,-256.81,-245.733333333333,-241.408,-233.986
Q60809,P62324,91.78,81.96,1,-230.97,-225.576666666667,-219.608,-212.522
Q6IA86,Q9UM07,89.65,94.47,1,-250.26,-241.966666666667,-235.778,-226.26
A0A1U9X7W7,Q15628,89.35,84.91,1,-260.16,-251.48,-243.748,-231.886
P17858,Q14164,92.8,88.66,1,-302.15,-275.903333333333,-266.78,-255.403
Q9Y6K9,P60660,82.83,95.37,1,-234.26,-233.516666666667,-231.522,-226.525
Q9Y6K9,O60763,82.83,85.16,1,-300.18,-292.133333333333,-282.848,-267.53
Q9UIV1,P78543,91.4,86.58,1,-235.4,-228.13,-224.202,-214.402
K9JA46,Q15628,84.41,84.91,1,-277.15,-260.073333333333,-248.002,-232.131
P05813,P05813,88.4,88.4,1,-301.41,-277.88,-268.744,-259.908
Q14164,P04350,88.66,92.24,1,-301.07,-272.513333333333,-261.604,-248.13
Q9Y6K9,Q9UMW8,82.83,84.06,1,-293.46,-279.72,-272.048,-256.13
Q9UHD2,P48643,89.88,89.4,1,-250.49,-230.753333333333,-225.684,-220.16
O95373,Q9Y4K3,88.27,86.19,1,-268.75,-249.186666666667,-243.198,-234.047
Q9H0R3,A0A1U9X777,85.68,88.64,1,-437.77,-416.443333333333,-394.976,-372.479
P22102,Q9Y6K9,92.65,82.83,1,-262.68,-250.92,-238.62,-224.155
Q9Y333,Q9UK45,94.61,88.99,1,-244.14,-225.553333333333,-217.69,-207.623
O15111,O14920,84.64,86.45,1,-286.17,-268.03,-256.316,-240.809
A0A0S2Z3L2,Q15628,85.05,84.91,1,-312.37,-299.893333333333,-292.706,-279.872
A0A024R8H5,Q96GX9,87.27,93.52,1,-236.24,-230.453333333333,-227.838,-221.573
P55072,P25963,83.37,82.58,1,-239.33,-236.59,-234.03,-228.046
O15111,P25963,84.64,82.58,1,-268.55,-262.59,-256.452,-246.925
Q99832,Q9UHD2,89.04,89.88,1,-250.11,-243.2,-237.78,-227.849
Q9UHD2,P62913,89.88,92.01,1,-277.7,-264.68,-256.876,-244.304
Q60809,P78543,91.78,86.58,1,-214.02,-204.966666666667,-200.582,-195.131
A0A024R8H5,A0A024R8H5,87.27,87.27,1,-454.66,-423.41,-396.872,-335.979
Q14164,P02786,88.66,86.81,1,-296.24,-288.933333333333,-285,-274.046
Q9Y4K3,P04350,86.19,92.24,1,-251.34,-238.11,-233.492,-229.115
Q9Y6K9,Q9UHD2,82.83,89.88,1,-323.66,-310.41,-300.656,-283.225
Q3ZCQ8,P25963,80.56,82.58,1,-274.51,-267.896666666667,-265.634,-259.735
A0A024R8H5,A0A1U9X7W7,87.27,89.35,1,-289.03,-250.723333333333,-242.126,-233.427
Q9Y4K3,Q9BVA1,86.19,91.95,1,-268.06,-253.57,-244.408,-231.873
E9KL44,Q9Y4K3,91.62,86.19,1,-265.57,-251.333333333333,-243.894,-233.047
O60729,A0A384N605,80.97,96.71,1,-313.75,-289.683333333333,-279.708,-265.27
Q9Y6K9,P51398,82.83,85.26,1,-278.39,-256.09,-250.838,-244.635
Q9Y6K9,P42677,82.83,92.78,1,-264.21,-255.683333333333,-251.292,-240.272
Q9UHD2,P25705,89.88,88.61,1,-280.11,-272.506666666667,-268.758,-256.933
P63261,O14920,95.34,86.45,1,-211.71,-210.436666666667,-209.496,-206.105
Q9UHD2,P50990,89.88,87.9,1,-251.88,-244.373333333333,-239.63,-230.123
Q9Y6K9,Q9P2J5,82.83,90.72,1,-278.66,-248.753333333333,-238.926,-227.448
Q14164,P19105,88.66,84.14,1,-246.44,-245.32,-238.874,-232.124
P25963,P11021,82.58,90.33,1,-236.18,-230.353333333333,-223.978,-216.718
Q9BUF5,Q9Y4K3,92.16,86.19,1,-270.12,-248.296666666667,-236.616,-223.924
O95373,Q15628,88.27,84.91,1,-280.25,-251.67,-242.9,-233.96
A0A024R8H5,P0DPH7,87.27,91.52,1,-236.38,-231.796666666667,-224.744,-215.641
O14920,O14920,86.45,86.45,1,-295.04,-275.983333333333,-263.53,-249.789
Q9UFF9,Q9ULM6,90.83,90.02,1,-225.54,-222.143333333333,-218.292,-212.519
Q9NPP4,Q9NPP4,85.16,85.16,1,-253.02,-244.576666666667,-239.44,-231.862
Q9Y3E7,A0A024R794,81.92,93.34,1,-273.09,-257.176666666667,-250.76,-240.562
Q14164,A0A024RD80,88.66,82.98,1,-271.33,-246.776666666667,-236.526,-226.398
Q9Y6K9,A0A024R3X4,82.83,86.99,1,-296.75,-263.683333333333,-250.644,-237.733
O75477,Q9Y4K3,84.94,86.19,1,-294.48,-281.183333333333,-275.618,-266.777
Q9UHD2,A0A024RDL1,89.88,90.13,1,-274.47,-263.343333333333,-251.44,-237.593
Q9Y6K9,P41252,82.83,88.87,1,-248.61,-235.113333333333,-230.324,-224.266
A0A0X8GLL6,A0A0X8GLL6,96.4,96.4,1,-258.95,-254.123333333333,-249.786,-244.248
O95163,P25963,84.13,82.58,1,-263.34,-257.703333333333,-251.192,-241.846
P25963,Q71UM5,82.58,93.16,1,-295.17,-272.11,-263.25,-252.057
P63261,Q9Y4K3,95.34,86.19,1,-252.92,-246.726666666667,-241.13,-231.52
O15111,P60660,84.64,95.37,1,-268.15,-257.29,-245.892,-229.269
Q9Y6K9,B2R4W8,82.83,91.81,1,-257.78,-253.983333333333,-248.298,-234.84
Q9Y6K9,O95373,82.83,88.27,1,-253.82,-243.126666666667,-238.246,-232.834
P25963,P0DPH7,82.58,91.52,1,-265.23,-253.743333333333,-243.974,-232.889
Q9Y6K9,O14920,82.83,86.45,1,-271.52,-264.196666666667,-260.418,-253.043
Q9Y6K9,A0A024R1Q8,82.83,92.61,1,-241.12,-230.306666666667,-225.124,-218.736
A8K7B7,P35249,92.46,82.83,1,-234.96,-221.296666666667,-213.66,-204.193
Q9UHD2,P07195,89.88,96.05,1,-271.7,-251.213333333333,-241.626,-231.115
Q9Y6K9,P12236,82.83,91.79,1,-312.43,-285.213333333333,-275.232,-264.576
Q91VC3,A0A024R8W0,88.43,87.03,1,-272.57,-263.606666666667,-257.308,-245.51
Q9Y6K9,P19105,82.83,84.14,1,-250.5,-236.363333333333,-229.316,-220.53
Q9Y6K9,P63261,82.83,95.34,1,-258.01,-241.763333333333,-232.502,-223.838
Q71U36,P25963,91.89,82.58,1,-278.3,-258.536666666667,-248.264,-231.252
Q9Y6K9,P50213,82.83,90.67,1,-251.97,-242.406666666667,-237.904,-231.704
Q9Y333,P62310,94.61,89.46,1,-315.48,-275.513333333333,-255.556,-229.437
O15111,P06753,84.64,91.79,1,-188.87,-184.403333333333,-181.848,-174.255
P60709,P15927,95.51,80.68,1,-241.55,-237.863333333333,-233.814,-225.601
Q9Y6K9,Q13557,82.83,84.29,1,-256,-255.146666666667,-253.388,-245.516
A0A024R8H5,A0A024RD80,87.27,82.98,1,-247.92,-246.87,-242.426,-227.396
Q9Y6K9,P62249,82.83,93.87,1,-260.07,-252.06,-246.856,-239.177
A0A024R8H5,K9JA46,87.27,84.41,1,-217.51,-213.076666666667,-209.776,-204.514
Q96KB5,P19784,84.91,94.71,1,-241.39,-238.366666666667,-231.078,-221.236
P07437,A0A024R8H5,91.86,87.27,1,-244.03,-232.043333333333,-228.212,-220.788
O00231,Q9Y4K3,83.22,86.19,1,-244.88,-241.306666666667,-236.86,-227.4
A0A024R8H5,P04350,87.27,92.24,1,-233.67,-232.656666666667,-230.392,-223.47
P52907,O15111,93.51,84.64,1,-262.76,-256.123333333333,-248.422,-240.262
Q9Y4K3,A0A0S2Z3L2,86.19,85.05,1,-300.75,-291.903333333333,-289.422,-283.659
P05813,P53674,88.4,82.37,1,-270.63,-252.166666666667,-247.398,-242.121
Q9BVA1,O14920,91.95,86.45,1,-250.02,-236.973333333333,-229.984,-220.675
P28072,Q9Y4K3,89.98,86.19,1,-253.58,-246.3,-243.962,-240.708
P11142,A0A024R8H5,89.18,87.27,1,-245.55,-232.9,-227.45,-220.14
O15111,P0DPH7,84.64,91.52,1,-257.23,-245.036666666667,-236.876,-227.448
P25963,A0A024R1Q8,82.58,92.61,1,-263.11,-260.113333333333,-257.378,-249.586
P40763,P40763,85.77,85.77,1,-328.69,-297.153333333333,-286.872,-274.224
P04350,Q15628,92.24,84.91,1,-236.87,-233.57,-230.608,-223.435
P34932,A0A024R8H5,86.15,87.27,1,-237.05,-226.05,-221.562,-215.235
Q9Y6K9,A0A1U9X7W7,82.83,89.35,1,-256.04,-247.193333333333,-241.546,-235.496
Q14164,P06753,88.66,91.79,1,-219.81,-213.256666666667,-209.582,-200.508
P25963,P04350,82.58,92.24,1,-220.21,-219.44,-216.332,-211.907
Q9UHD1,Q9UHD1,81.38,81.38,1,-256.79,-250.566666666667,-247.31,-243.496
Q9Y6K9,Q5VYK3,82.83,83.83,1,-272.03,-253.06,-244.834,-232.092
P80217,Q13287,84.7,81.62,1,-239.34,-227.46,-220.44,-211.908
Q9Y6K9,P11021,82.83,90.33,1,-213.13,-212.366666666667,-210.15,-204.13
A0A024R1X3,Q96FZ7,89.78,81.62,1,-236.07,-231.983333333333,-225.764,-219.359
O75947,O15525,86.31,81.46,0,-277.82,-263.966666666667,-253.784,-242.613
P13686,P19404,94.94,87.47,0,-309.76,-286.07,-278.25,-265.564
P63261,Q9GZP4,95.34,84.15,0,-216.06,-214.293333333333,-212.06,-208.866
P06858,P30408,91.21,81.28,0,-273.57,-269.466666666667,-267.68,-262.998
P25788,P26447,94.69,85.19,0,-266.36,-250.913333333333,-245.872,-235.474
P56749,Q9BY11,80.84,85.39,0,-364.48,-348.033333333333,-331.956,-310.465
P02794,O43657,95.77,88.44,0,-310.66,-290.956666666667,-284.164,-273.429
P23416,O43504,84.44,96.55,0,-278.01,-253.16,-244.774,-235.313
Q16623,Q8IZ52,85,85.51,0,-309.92,-298.543333333333,-289.876,-280.91
Q9BYC9,P26885,91.47,89.86,0,-268.27,-259.666666666667,-252.442,-242.869
Q9C026,P20338,83.54,88.06,0,-296.9,-272.956666666667,-264.654,-253.207
P27707,P84101,89.48,81.68,0,-230.44,-217.82,-212.536,-203.358
Q9BTE0,P36405,92.37,93.26,0,-219.73,-202.053333333333,-195.374,-187.482
Q9NY33,O14787,95.55,91.18,0,-258.51,-226.816666666667,-218.264,-207.777
Q13332,Q8N8Q3,82.18,90.83,0,-276.03,-264.483333333333,-259.858,-253.126
P68871,Q9BTE0,96.97,92.37,0,-221.31,-209.11,-205.786,-199.625
Q96DW6,P63000,83.47,93.7,0,-315.67,-306.656666666667,-299.494,-287.086
Q9BQ52,P68400,82.86,90.96,0,-282.04,-273.116666666667,-268.346,-255.809
O75380,P02768,81.99,92.64,0,-229.03,-224.166666666667,-218.24,-208.949
O75936,P52565,95.26,90.97,0,-236.17,-235.39,-231.738,-224.296
Q9UHY7,Q69YN2,95.44,84.09,0,-223.8,-216.863333333333,-212.832,-205.881
Q15102,P63279,95.14,97.47,0,-239.93,-233.34,-228.31,-221.933
Q15836,Q9BPU6,92.18,91.22,0,-254.11,-251.25,-247.902,-241.171
O76003,Q9H3H3,88.49,83.4,0,-257.36,-228.633333333333,-222.268,-210.647
Q92990,P01909,88.43,88.71,0,-280.69,-265.306666666667,-256.87,-245.811
O14949,Q9Y4R8,94.27,85.13,0,-317.72,-305.576666666667,-299.566,-291.236
P23396,Q03013,91.34,98.25,0,-247.24,-235.293333333333,-227.938,-219.879
O95897,Q9Y2V2,84.16,84.44,0,-279.2,-271.643333333333,-268.804,-258.896
O43570,O15182,88.39,89.55,0,-271.17,-244.626666666667,-235.12,-225.252
P63208,Q9BYD3,90.26,84.14,0,-257.91,-248.606666666667,-243.986,-239.357
P02787,O60701,93.39,93.74,0,-254.77,-238.093333333333,-227.83,-216.968
Q9BTW9,P22061,90.55,96.2,0,-304.58,-278.36,-270.738,-262.065
Q8NFP7,Q9UFN0,90.06,90.3,0,-272.43,-242.323333333333,-229.282,-217.49
Q13332,P55774,82.18,87.74,0,-281.91,-273.333333333333,-265.892,-257.936
O75947,P01033,86.31,90.06,0,-263.18,-262.553333333333,-261.09,-255.842
Q7L5D6,P15927,88.32,80.68,0,-252.48,-243.343333333333,-240.062,-234.795
P06865,P19387,93.78,92.13,0,-270.24,-268.163333333333,-263.204,-255.653
Q9H0R3,P02792,85.68,97,0,-273.14,-265.836666666667,-257.878,-248.109
O43252,P63146,93.56,95.34,0,-267.46,-253.336666666667,-245.44,-231.157
P30408,P08238,81.28,84.45,0,-313.73,-312.846666666667,-310.584,-302.666
Q92527,Q8N8Q3,85,90.83,0,-273.14,-256.986666666667,-250.172,-239.012
Q9Y333,Q9NPA8,94.61,93.86,0,-234.98,-218.753333333333,-214.446,-208.143
O95630,P04181,84.91,94.23,0,-272.86,-261.196666666667,-253.28,-239.962
Q9Y333,O00487,94.61,82.55,0,-269.28,-249.536666666667,-244.486,-238.79
O15228,P62826,88.93,88.83,0,-224.2,-221.746666666667,-219.376,-215.484
P25788,P09211,94.69,98.07,0,-237.06,-233.996666666667,-232.202,-227.81
P14222,Q9GZP4,91.08,84.15,0,-265.51,-255.03,-250.408,-242.893
P24522,P50336,80.52,95.37,0,-228.23,-222.383333333333,-219.738,-214.403
O75348,Q6ZRQ5,93.16,81.84,0,-264.56,-248.523333333333,-241.536,-232.275
Q8WVM8,Q9UBI1,85.96,86.81,0,-241.14,-235.996666666667,-233.304,-226.616
Q9Y294,O60512,85.05,88.72,0,-266.12,-255.793333333333,-247.08,-237.563
P61956,P25189,83.46,82.54,0,-230.21,-217.703333333333,-214.152,-207.998
P13686,Q13951,94.94,86.83,0,-226.42,-223.866666666667,-222.422,-219.652
P46977,Q9UH03,88.29,82.94,0,-300.46,-289.466666666667,-284.69,-277.249
Q9BXR0,P26885,94.13,89.86,0,-253.46,-248.89,-241.39,-228.025
Q9HCC8,P21695,90.59,96.15,0,-339.84,-313.986666666667,-303.39,-289.65
Q9NWV4,Q8WUM4,97.03,84.04,0,-239.95,-221.473333333333,-212.22,-203.377
P25963,P20674,82.58,88.11,0,-252.38,-246.51,-244.634,-241.925
O43837,Q15907,88.39,86.09,0,-263.98,-263.653333333333,-259.154,-247.411
Q9NYS7,Q8N357,85.35,84.28,0,-334.6,-333.363333333333,-332.42,-323.972
Q96FK6,Q9H6J7,87.92,80.72,0,-229.65,-221.243333333333,-215.416,-205.361
P51671,Q9NXK8,87.98,89.21,0,-249.26,-239.51,-236.404,-229.69
O95166,Q9UII2,94.82,80.22,0,-202.66,-200.2,-197.926,-193.873
P24844,P49771,83.55,82.04,0,-250.83,-244.296666666667,-240.316,-233.054
P53621,P68400,85.08,90.96,0,-288.82,-275.763333333333,-270.176,-261.391
P43235,P78417,95.09,95.97,0,-219.45,-215.25,-209.672,-203.733
P60520,P52565,94.86,90.97,0,-277.65,-241.91,-230.376,-217.733
Q99832,P04183,89.04,82.31,0,-257.71,-248.48,-241.354,-233.967
P61769,Q13084,94.3,92.75,0,-254.64,-249.023333333333,-245.458,-236.88
P49419,Q8WUM4,95.14,84.04,0,-294.34,-278.866666666667,-264.628,-251.803
Q9NPQ8,Q9NX18,90.53,84.2,0,-257.29,-249.916666666667,-246.056,-237.621
Q9UKR5,P48304,92.93,89.51,0,-290.06,-282.03,-274.374,-263.852
P68104,P13798,88.73,93.62,0,-235.23,-232.163333333333,-227.134,-216.866
Q9BTT4,P40306,92.86,90.75,0,-291.38,-277.18,-266.042,-249.791
P09104,P23528,97.14,87.54,0,-198.37,-175.52,-169.026,-161.852
Q9NX08,O43927,87.62,84.13,0,-263.11,-258.516666666667,-254.98,-249.935
P51665,P60520,82.92,94.86,0,-237.41,-231.136666666667,-226.518,-219.523
Q8IWV7,P16435,85.06,91.17,0,-252.52,-238.68,-231.646,-223.066
P04179,Q16864,93.49,87.49,0,-243.32,-240.113333333333,-234.668,-225.707
Q67FW5,P05154,94.43,85.73,0,-264.19,-256.616666666667,-253.164,-245.824
Q15334,Q9Y230,80.77,84.33,0,-263.71,-259.933333333333,-253.396,-241.611
Q99962,P62857,86.36,91.06,0,-240.74,-232.656666666667,-229.302,-222.309
P49368,Q9BQD7,89.09,82.65,0,-282.5,-274.48,-270.036,-263.12
Q06323,O95166,90.64,94.82,0,-214.62,-210.363333333333,-207.414,-201.257
P22392,Q96KB5,97.65,84.91,0,-197.35,-196.846666666667,-196.006,-192.843
P23416,O14717,84.44,87.32,0,-279.18,-277.506666666667,-274.066,-263.935
Q9Y5M8,Q93045,86.99,86.06,0,-224.88,-223.843333333333,-221.72,-217.316
Q9ULJ1,P28328,81.35,81.08,0,-338.52,-321.516666666667,-309.82,-294.231
Q9BQ52,P63146,82.86,95.34,0,-268.69,-259.493333333333,-253.242,-240.828
P51671,Q9GZN7,87.98,89.59,0,-247.4,-232.15,-224.772,-216.404
P02792,Q9BPX5,97,89.18,0,-239.11,-233.513333333333,-229.196,-219.823
Q7RU07,P50336,81.23,95.37,0,-340.36,-331.676666666667,-319.382,-308.952
O95782,Q9Y230,84.21,84.33,0,-252.96,-244.783333333333,-239.306,-229.24
Q14240,P11172,87.1,92.26,0,-227.64,-222.316666666667,-217.788,-209.883
Q9UEU0,Q14147,83.78,80.83,0,-280.42,-278.856666666667,-271.26,-258.422
Q02878,Q9UK41,83.32,92.16,0,-280,-260.726666666667,-252.786,-242.717
P23416,Q15119,84.44,91.12,0,-305.43,-298.636666666667,-293.512,-286.286
Q99963,P11464,88.79,86.67,0,-308.88,-286.383333333333,-279.084,-270.742
O96007,Q07507,84.6,85.37,0,-283.04,-273.476666666667,-264.84,-252.754
P05090,P53779,90.85,80.36,0,-253.64,-241.22,-235.866,-229.623
P61769,Q86TW2,94.3,83.8,0,-283.42,-266.77,-260.386,-252.551
Q15181,P56192,96.01,90.47,0,-230.74,-225.256666666667,-222.184,-217.698
P61956,P47929,83.46,96.87,0,-193.17,-188.513333333333,-186.606,-181.832
Q9UI14,O14787,81.99,91.18,0,-303.01,-298.753333333333,-294.84,-286.39
P18669,P09211,94.12,98.07,0,-222.29,-221.106666666667,-216.008,-207.629
P68104,Q96FE5,88.73,86.97,0,-310.88,-290.04,-282.034,-266.699
Q9BTW9,P49448,90.55,90.57,0,-331.96,-299.08,-288.912,-278.035
Q96CD2,Q969Z0,91.23,83.22,0,-260.37,-251.953333333333,-243.684,-234.689
O43172,P53779,82.32,80.36,0,-259.9,-255.406666666667,-248.692,-240.433
Q9NP59,P28328,80.51,81.08,0,-477.74,-460.116666666667,-441.222,-419.551
Q9NRC8,P42330,89.13,96.51,0,-237.54,-231.493333333333,-226.318,-216.344
Q15645,Q92990,86.98,88.43,0,-267.22,-257.833333333333,-248.19,-235.987
P14902,P36405,93.4,93.26,0,-240.02,-229.746666666667,-223.722,-213.851
O76003,O60671,88.49,89.08,0,-198.1,-194.963333333333,-193.504,-190.158
O00329,Q9BPX5,87.98,89.18,0,-274.26,-259.49,-254.376,-238.575
P62310,Q96BK8,89.46,85.13,0,-236.32,-227.063333333333,-223.55,-216.634
Q7Z7H8,P42772,83.49,90.76,0,-248.46,-239.103333333333,-228.458,-218.284
P35475,P68871,95.13,96.97,0,-295.37,-279.08,-271.77,-261.494
P09466,A1L0T0,87.19,94.71,0,-261.37,-258.513333333333,-256.516,-252.337
Q9Y234,Q13510,91.38,92.05,0,-289.34,-283.75,-279.178,-271.117
Q13838,Q13510,85.6,92.05,0,-249.94,-248.126666666667,-246.162,-241.118
Q6FI97,P06746,87.78,94.32,0,-227.79,-215.486666666667,-209.306,-202.509
O60512,P00491,88.72,94.05,0,-281.13,-267.65,-262.344,-251.521
O43252,P32249,93.56,86.6,0,-378.62,-349.22,-335.046,-316.511
P46779,P32249,92.37,86.6,0,-358.07,-321.53,-311.336,-296.355
P57060,P11464,81.61,86.67,0,-241.67,-234.74,-230.836,-224.536
O43504,O43427,96.55,92.48,0,-225.18,-216.526666666667,-211.472,-202.693
P48664,O43252,80.27,93.56,0,-402.93,-378.683333333333,-367.098,-349.689
Q96HD1,P84090,81.59,95.9,0,-237.37,-229.513333333333,-225.77,-221.127
P29762,Q15119,95.8,91.12,0,-208.03,-200.276666666667,-196.532,-189.221
P80098,Q6N063,85.58,94.05,0,-231.2,-215.186666666667,-211.518,-207.276
P34896,Q6P1K2,96.61,88.27,0,-320.56,-312.1,-297.306,-276.095
Q99832,P08133,89.04,94.61,0,-244.12,-232.42,-225.54,-214.265
P08559,Q8N6T7,94.75,87.96,0,-300.22,-269.973333333333,-261.488,-252.74
Q03393,P16152,96.14,97.92,0,-240.28,-226.89,-217.938,-206.672
O95897,P15880,84.16,81.76,0,-299.75,-296.013333333333,-289.946,-282.352
Q9Y276,Q15155,87.18,80.52,0,-314.71,-295.923333333333,-288.164,-277.263
Q8WVM8,Q9NXK8,85.96,89.21,0,-256.68,-255.16,-251.818,-247.644
P0CG47,Q16842,93.71,86.19,0,-252.28,-248.34,-243.83,-236.778
P43235,Q15843,95.09,91.13,0,-192.94,-186.373333333333,-183.31,-178.135
Q6IBE6,Q9Y3A3,88.34,91.29,0,-270.47,-258.4,-253.202,-241.02
P49642,Q9UBS4,92.91,84.09,0,-236.94,-233.863333333333,-231.028,-223.701
P67775,O95741,94.78,87.02,0,-244.13,-236.6,-232.894,-225.329
O60493,Q9NRX3,89.45,84.64,0,-240.7,-234.573333333333,-231.904,-227.957
P61769,Q15181,94.3,96.01,0,-244.78,-239.89,-235.152,-226.755
O60896,Q9Y6V7,88.16,87.31,0,-247.47,-233.033333333333,-229.534,-223.406
Q96DI7,P63104,85.44,94.3,0,-230.5,-219.163333333333,-214.212,-202.49
Q9BYC9,Q9Y4R8,91.47,85.13,0,-324.28,-292.43,-278.7,-266.95
P19256,P32249,83.66,86.6,0,-374.57,-355.316666666667,-348.472,-339.148
P00966,Q8WVM8,95.64,85.96,0,-276.36,-247.996666666667,-240.782,-232.434
Q92990,Q69YN2,88.43,84.09,0,-265.17,-253.596666666667,-241.964,-229.313
P30408,O95361,81.28,80.54,0,-310.16,-303.92,-297.986,-291.184
Q8N431,Q96DW6,85.95,83.47,0,-296.03,-291.163333333333,-287.164,-281.342
Q8NFP7,Q9NVE7,90.06,87.69,0,-239.14,-219.73,-212.258,-203.158
Q6I9Y2,P19404,87.97,87.47,0,-281.31,-257.906666666667,-250.732,-244.281
Q12824,Q9UPT9,80.95,83.95,0,-266.11,-261.04,-256.506,-248.904
O95166,Q96CQ1,94.82,87.1,0,-277.71,-264.936666666667,-260.222,-252.496
P02794,Q15393,95.77,92.53,0,-232.35,-226.546666666667,-221.252,-216.212
P41567,O43374,81.74,86.55,0,-235.59,-220.683333333333,-216.622,-208.574
P39748,P51948,90.04,85.32,0,-236.19,-224.27,-218.906,-212.924
Q6FIE5,P51884,85.36,90.63,0,-304.49,-280.006666666667,-267.05,-254.551
P68036,Q16864,94.42,87.49,0,-206.47,-194.22,-186.48,-178.521
Q8ND90,P19388,80.44,92.54,0,-244.24,-241.066666666667,-238.184,-230.587
Q14240,P18206,87.1,87.12,0,-246.59,-228.03,-219.53,-209.113
P56470,O43292,90.86,87.38,0,-329.69,-317.64,-312.342,-302.541
P12956,P63208,84.24,90.26,0,-232.04,-230.013333333333,-221.29,-212.28
P51690,P60484,93.27,83.97,0,-317.14,-283.956666666667,-269.524,-252.064
P12956,Q9NP72,84.24,85.64,0,-227.4,-225.31,-221.594,-215.66
Q15560,O43657,80.87,88.44,0,-303.73,-278.243333333333,-271.38,-263.252
Q13216,P32121,91.67,84.17,0,-221.78,-220.58,-217.68,-213.428
P49642,Q13510,92.91,92.05,0,-278.37,-276.906666666667,-270.23,-260.311
Q99873,P57060,89.03,81.61,0,-260,-241.043333333333,-233.994,-226.986
O96007,P27635,84.6,94.87,0,-260.36,-254.54,-251.766,-246.525
Q02978,P84077,86.66,83.14,0,-310.14,-297.743333333333,-292.132,-283.352
O43837,Q8ND90,88.39,80.44,0,-292.96,-273.133333333333,-264.482,-253.198
O75828,Q96A57,96.6,80.48,0,-254.67,-247.036666666667,-241.826,-234.805
Q99436,P16870,89.77,91.1,0,-283.28,-275.6,-269.228,-255.893
Q9HDC9,P20674,91.74,88.11,0,-251.57,-243.54,-241.324,-237.48
O95149,P51671,83.34,87.98,0,-232.87,-222.803333333333,-219.922,-215.612
Q96HD1,Q9P0Z9,81.59,94.42,0,-265.67,-258.533333333333,-255.558,-251.089
P09104,P15090,97.14,96.04,0,-192.01,-181.08,-173.428,-166.226
O75689,P01909,96.02,88.71,0,-317.1,-273.5,-260.816,-246.532
P11802,Q9Y6M9,88.26,96.13,0,-317.53,-313.2,-303.346,-285.913
P61254,Q9UBI1,92.33,86.81,0,-302.51,-283.763333333333,-273.728,-262.089
O95897,Q9UI14,84.16,81.99,0,-401.04,-369.106666666667,-356.102,-342.574
P53621,P24666,85.08,96.13,0,-251.2,-244.26,-238.172,-231.442
P68366,P46459,91.95,85.87,0,-263.39,-242.55,-236.492,-227.379
Q8WXK3,Q9UPT9,92.07,83.95,0,-283.6,-264.353333333333,-257.348,-250.534
Q9NX46,Q86X76,95.75,88.61,0,-280.43,-249.613333333333,-241.928,-234.206
P17174,Q03013,96.44,98.25,0,-268.75,-257.363333333333,-250.914,-240.647
O96007,P11464,84.6,86.67,0,-247.97,-244.836666666667,-240.428,-234.277
P21964,P50454,93.99,91.74,0,-234.26,-233.753333333333,-233.222,-227.752
P35268,Q9NXK8,84.92,89.21,0,-240.52,-236.906666666667,-233.818,-228.802
Q9UBQ0,O43772,96.55,88.25,0,-354.62,-329.356666666667,-316.662,-300.154
P61956,P11166,83.46,89.62,0,-256.85,-240.663333333333,-232.264,-223.434
P27707,P34896,89.48,96.61,0,-323.2,-305.273333333333,-297.84,-284.54
Q15102,Q8TF65,95.14,82.92,0,-231.09,-228.69,-225.466,-219.868
Q9NTM9,O15525,91.74,81.46,0,-206.84,-203.793333333333,-202.374,-198.736
O76003,P16870,88.49,91.1,0,-226.52,-218.083333333333,-212.396,-202.834
P32969,O43292,94.08,87.38,0,-310.19,-299.553333333333,-286.756,-272.868
O15530,Q08752,80.12,96.55,0,-245.19,-231.236666666667,-220.292,-209.797
Q9Y3U8,P22061,93.35,96.2,0,-259.71,-256.283333333333,-251.728,-236.783
Q6I9Y2,Q8IXH7,87.97,86.86,0,-267.27,-265.526666666667,-260.066,-249.113
O95782,P51948,84.21,85.32,0,-356.4,-321.126666666667,-301.232,-271.468
P30153,Q6ZRQ5,95.15,81.84,0,-238.17,-231.006666666667,-227.714,-219.814
P60174,P27635,96.95,94.87,0,-269.4,-255.95,-246.202,-234.31
P06858,Q6IAM7,91.21,88.69,0,-321.22,-303.83,-292.196,-278.019
O95295,Q969R8,87.32,87.06,0,-233.58,-230.57,-229.626,-223.756
P35475,P11166,95.13,89.62,0,-392.74,-376.826666666667,-367.206,-353.747
O60341,Q9BY11,85.13,85.39,0,-231.76,-226.856666666667,-223.536,-219.89
Q13216,Q13724,91.67,92.32,0,-314.77,-293.623333333333,-282.44,-266.17
Q9UKC9,P61970,92.66,95.2,0,-285.22,-270.4,-265.942,-259.732
O95782,P45984,84.21,82.51,0,-234.29,-230.92,-227.916,-221.283
Q93091,P09669,90.45,94.87,0,-244.98,-244.083333333333,-242.576,-237.498
P32969,Q53FA7,94.08,96.97,0,-244.31,-238.216666666667,-234.806,-228.571
O96007,Q13085,84.6,82.76,0,-294.91,-273.443333333333,-263.552,-251.358
Q9UI12,Q13724,88.04,92.32,0,-278.74,-269.273333333333,-262.324,-254.35
P61956,Q14790,83.46,81.49,0,-223.06,-204.056666666667,-199.244,-193.186
P08758,P10916,96.26,83.36,0,-192.18,-189.696666666667,-185.522,-179.74
Q13275,Q6UW56,84.12,87.34,0,-317.98,-314.51,-311.746,-303.571
P11597,Q6I9Y2,91.44,87.97,0,-300.14,-260.156666666667,-247.152,-233.857
P14314,P20674,84.55,88.11,0,-251.42,-247.426666666667,-242.892,-236.292
Q9UFN0,P55212,90.3,85.26,0,-295.71,-267.163333333333,-255.118,-238.304
P56470,Q13045,90.86,81.25,0,-266.58,-255.57,-249.18,-242.659
P53350,O00231,85.17,83.22,0,-271.75,-256.836666666667,-246.822,-236.779
O43172,Q96N11,82.32,83.11,0,-316.53,-294.69,-281.144,-267.077
P63000,Q9GZP4,93.7,84.15,0,-239.9,-237.243333333333,-227.072,-216.076
Q9GZT6,Q9NXK8,81.3,89.21,0,-304.85,-294.09,-287.728,-275.626
Q8NFP7,Q9Y3D7,90.06,89.47,0,-237.68,-222.38,-213.736,-203.653
Q96CD2,P69905,91.23,98.03,0,-243.62,-239.143333333333,-232.014,-225.125
Q9NP59,Q11203,80.51,91.43,0,-403.44,-382.443333333333,-376.136,-367.764
Q15262,Q9Y3A3,83.41,91.29,0,-292.47,-277.156666666667,-266.438,-253.141
P05388,Q9GZN7,80.63,89.59,0,-310.97,-275.373333333333,-264.758,-253.428
P09960,P23921,96.58,92.33,0,-236.63,-223.503333333333,-216.966,-208.121
Q9BXR0,Q9Y6V7,94.13,87.31,0,-232.31,-224.09,-221.422,-217.659
Q16842,Q9UNE7,86.19,89.79,0,-304.12,-275.256666666667,-265.498,-251.995
Q9GZT6,Q9UBW8,81.3,84.97,0,-267.6,-264.44,-261.07,-250.444
O00458,P07858,84.62,91.84,0,-268.02,-259.54,-253.766,-246.692
Q9NVJ2,Q969U7,91.32,92.6,0,-263.61,-255.136666666667,-250.674,-242.259
Q13216,P16435,91.67,91.17,0,-245.71,-242.076666666667,-238.222,-229.988
Q16531,Q8NBJ7,91.96,91.34,0,-280.13,-262.86,-256.874,-247.551
P49703,Q9UNX4,89.97,84.42,0,-266.69,-254.323333333333,-248.236,-238.653
Q9NTK5,P52565,88.96,90.97,0,-218.27,-213.183333333333,-209.026,-200.558
Q6FI97,Q9NWZ3,87.78,83.86,0,-244.24,-235.003333333333,-229.28,-220.753
P09960,P62820,96.58,85.64,0,-222.34,-217.12,-211.576,-205.237
O60341,Q6IBE6,85.13,88.34,0,-252.13,-249.106666666667,-246.442,-242.736
Q13885,Q9H832,92.11,82.49,0,-222.87,-214.34,-209.014,-201.809
O00755,Q9NX18,88.76,84.2,0,-310.59,-283.8,-272.414,-259.907
Q9NTK5,Q66LE6,88.96,91.81,0,-212.93,-211.123333333333,-208.676,-204.552
O60262,Q9BZD4,91.21,89.43,0,-254.24,-246.183333333333,-238.328,-226.721
Q14790,P21673,81.49,96.5,0,-251.45,-244.006666666667,-233.28,-221.524
P63000,P62826,93.7,88.83,0,-261.76,-249.97,-245.206,-237.163
O15228,P61970,88.93,95.2,0,-247.42,-240.933333333333,-236.316,-230.725
Q9NP59,P55854,80.51,81.55,0,-280.21,-272.963333333333,-266.968,-258.198
O96024,P09669,85.41,94.87,0,-338.7,-326.363333333333,-321.876,-309.604
P35268,P22392,84.92,97.65,0,-235.54,-225.53,-221.308,-213.667
Q9NY33,P30044,95.55,86.18,0,-212.68,-206.576666666667,-203.308,-198.159
Q15836,Q6IAN0,92.18,92.85,0,-285.87,-276.263333333333,-271.796,-263.905
P60660,Q16864,95.37,87.49,0,-188.63,-186.523333333333,-183.712,-178.69
O60341,Q32NB8,85.13,85.25,0,-279.22,-273.453333333333,-270.372,-263.558
P14902,O14678,93.4,87.54,0,-329.17,-300.613333333333,-285.77,-270.453
Q9BPW8,P00797,83.42,85.61,0,-290.03,-278.616666666667,-264.99,-251.544
O00329,O60925,87.98,93.21,0,-239.39,-232.386666666667,-228.89,-223.155
P30086,P04843,97.32,90.73,0,-269.2,-245.366666666667,-239.798,-231.707
P14222,Q9BTT6,91.08,85.57,0,-338.76,-330.713333333333,-318.804,-299.846
Q9Y294,Q9GZN7,85.05,89.59,0,-228.37,-224.046666666667,-221.212,-216.887
P67775,P05231,94.78,86.04,0,-243.79,-229.83,-225.268,-217.253
Q99962,P00505,86.36,94.75,0,-265.95,-262.043333333333,-259.094,-251.37
Q15836,Q03013,92.18,98.25,0,-293,-277.2,-270.072,-256.32
P63208,P50453,90.26,91.84,0,-189.32,-186.826666666667,-182.804,-175.144
P61247,P34913,84.38,93.61,0,-280.6,-269.93,-259.102,-245.149
O00329,Q13510,87.98,92.05,0,-315.06,-303.886666666667,-298.436,-290.401
P06858,Q6ZRQ5,91.21,81.84,0,-274.93,-263.293333333333,-253.572,-240.085
Q9NRC8,Q9UNE7,89.13,89.79,0,-228.62,-226.996666666667,-224.94,-220.966
Q9UPY8,P26447,80.12,85.19,0,-234.09,-227.38,-223.95,-217.663
Q9UNP9,Q9ULC4,81.55,97.23,0,-221.06,-215.12,-209.958,-203.49
Q53H47,P04844,83.38,89.5,0,-296.95,-291.52,-286.43,-276.458
P15927,O14832,80.68,87.18,0,-258.2,-250.73,-247.02,-240.39
P84090,P60903,95.9,91.79,0,-236.92,-234.356666666667,-231.892,-225.304
O95163,Q969U7,84.13,92.6,0,-307.45,-275.496666666667,-264.85,-251.727
P11802,Q96SI1,88.26,83.29,0,-257.31,-253.353333333333,-249.19,-242.778
Q96HD1,P42772,81.59,90.76,0,-266.75,-237.78,-229.05,-220.681
Q969G6,P42677,90.85,92.78,0,-244.17,-240.616666666667,-233.88,-222.173
Q9BYC9,P29350,91.47,86.41,0,-307.3,-294.68,-286.788,-273.336
P68871,O14678,96.97,87.54,0,-324.12,-307.76,-302.828,-295.637
Q9HDC9,Q9NPJ1,91.74,89.15,0,-313.88,-295.96,-289.926,-281.195
P60880,Q99832,84.56,89.04,0,-247.23,-237.503333333333,-231.128,-222.525
P02771,Q6NUQ1,88.99,85.91,0,-278.53,-253.103333333333,-243.608,-229.224
Q9H6R6,Q9Y3D7,86.68,89.47,0,-353.09,-346.103333333333,-340.938,-325.95
P00797,Q93077,85.61,91.17,0,-269.87,-259.96,-251.918,-242.389
Q9UQ53,Q9UM11,84.34,82.07,0,-338.74,-328.83,-313.05,-294.476
P37268,Q08752,89.57,96.55,0,-233.67,-231.55,-229.772,-226.626
P06858,Q9BTT4,91.21,92.86,0,-255.91,-247.083333333333,-242.774,-236.379
P19367,P50336,94.59,95.37,0,-271.44,-261.31,-257.682,-251.692
O15228,Q9BY11,88.93,85.39,0,-227.6,-225.923333333333,-222.27,-215.637
P12236,Q96QE5,91.79,81.37,0,-306.9,-302.266666666667,-294.822,-284.797
P08559,P55769,94.75,95.05,0,-237.81,-232.45,-225.844,-218.511
P62316,Q9H492,90.87,91.03,0,-229.04,-215.91,-208.574,-200.417
Q9UBQ0,Q9UNE7,96.55,89.79,0,-214.34,-209.82,-205.83,-200.44
Q9NY26,P68402,80.62,94.3,0,-313.65,-291.756666666667,-284.146,-274.023
P37268,P63279,89.57,97.47,0,-233.15,-231.53,-229.63,-226.06
Q15819,Q06830,94.97,97.19,0,-220.23,-204.18,-199.616,-193.011
Q7L5D6,P52788,88.32,95.18,0,-275.29,-266.233333333333,-262.518,-253.957
O95149,P78537,83.34,89.52,0,-270.84,-257.466666666667,-245.392,-231.849
Q6IAN0,P36405,92.85,93.26,0,-269.38,-251.693333333333,-244.13,-235.053
Q96HD1,P0CG47,81.59,93.71,0,-240.94,-235.656666666667,-232.16,-227.082
Q8N431,O95149,85.95,83.34,0,-254.86,-237.056666666667,-231.582,-225.676
Q9H492,P63272,91.03,96.61,0,-231.72,-224.653333333333,-218.464,-209.219
P80098,P63279,85.58,97.47,0,-231.38,-218.686666666667,-211.12,-201.253
P11802,O75607,88.26,80.18,0,-250.89,-245.07,-237.358,-228.202
P57060,Q13232,81.61,92.67,0,-236.03,-226.54,-222.946,-216.44
O75348,Q9UMR2,93.16,81.7,0,-227.35,-219.456666666667,-215.318,-205.892
P49903,Q15013,90.34,80.4,0,-302.9,-281.853333333333,-269.826,-256.06
Q9H4K1,P18206,86.75,87.12,0,-274.77,-269.503333333333,-265.876,-259.379
P38570,P01909,80.58,88.71,0,-295.59,-292.18,-284.052,-273.599
P02794,Q8NBJ7,95.77,91.34,0,-247.37,-240.003333333333,-237,-230.35
Q9H832,O15525,82.49,81.46,0,-242.74,-230.573333333333,-224.788,-218.908
P00797,O75607,85.61,80.18,0,-249.48,-237.41,-231.896,-220.846
P42356,Q6NUQ1,80.11,85.91,0,-304.92,-281.403333333333,-268.224,-254.012
Q9NRN5,O14832,87.26,87.18,0,-275.51,-263.89,-258.458,-249.949
P60660,Q92535,95.37,88.82,0,-252.1,-235.516666666667,-231.326,-223.65
Q66LE6,O95182,91.81,88.26,0,-269.33,-258.116666666667,-253.388,-241.398
Q15560,P06396,80.87,89.71,0,-227.09,-222.753333333333,-219.774,-212.948
Q9UI12,Q9BTT4,88.04,92.86,0,-248.77,-230.72,-225.014,-218.989
O14775,Q99832,93.82,89.04,0,-266.19,-245.463333333333,-240.032,-230.823
P22392,Q93077,97.65,91.17,0,-233.04,-228.093333333333,-224.494,-220.057
P21549,P22061,98.27,96.2,0,-296.28,-276.476666666667,-264.314,-250.373
P26641,Q9Y657,86.44,81.99,0,-259.89,-237.986666666667,-231.372,-222.849
Q969R8,P62308,87.06,93.42,0,-248.11,-239.196666666667,-232.216,-223.621
Q13011,O15235,88.77,87.35,0,-276.5,-257.073333333333,-248.66,-240.144
P68871,O14717,96.97,87.32,0,-231.39,-228.043333333333,-224.046,-216.624
O95832,P34913,84.7,93.61,0,-304.41,-296.686666666667,-291.086,-280.76
P51690,Q6IBS0,93.27,91.26,0,-314.16,-285.463333333333,-276.088,-264.148
Q9BPX7,P46459,89.39,85.87,0,-261,-240.866666666667,-229.948,-214.123
O60884,P19404,83.74,87.47,0,-278.94,-274.78,-269.23,-255.672
Q15819,Q07869,94.97,81.11,0,-223.16,-221.29,-217.394,-209.666
Q99436,P00505,89.77,94.75,0,-276.9,-271.91,-268.762,-262.816
O43924,Q9BZD4,96.48,89.43,0,-265.58,-254.043333333333,-247.088,-238.667
P40925,P17540,96.81,89.93,0,-220.92,-215.886666666667,-210.204,-202.577
P53602,Q9H5I1,92.16,89.82,0,-272.61,-247.683333333333,-239.998,-232.408
Q9BTT4,P09669,92.86,94.87,0,-323.73,-311.233333333333,-300.48,-288.621
O15239,Q9Y657,97.27,81.99,0,-242.6,-234.716666666667,-231.812,-227.73
P05090,Q6N063,90.85,94.05,0,-296.33,-262.293333333333,-251.314,-238.943
P61254,P04843,92.33,90.73,0,-328.86,-321.89,-315.874,-300.092
O75936,P04183,95.26,82.31,0,-271.12,-256.543333333333,-251.49,-244.162
P56749,P30044,80.84,86.18,0,-267.75,-265.386666666667,-262.894,-255.777
P11597,Q9H9J2,91.44,88.37,0,-238.96,-235.013333333333,-233.776,-229.85
P11142,P04899,89.18,94.31,0,-209.44,-199.256666666667,-194.788,-187.446
Q68CR1,Q06609,82.63,91.59,0,-272.96,-269.663333333333,-267.798,-261.296
P57060,Q8TBC4,81.61,93.2,0,-254.59,-243.513333333333,-239.898,-233.711
O60671,P62820,89.08,85.64,0,-228.89,-220.943333333333,-215.994,-207.203
Q15560,O43688,80.87,85.85,0,-319.2,-307.356666666667,-298.424,-282.039
O95163,P51965,84.13,86.98,0,-253.17,-252.64,-252.09,-245.376
P68366,P06858,91.95,91.21,0,-254,-251.613333333333,-245.754,-237.609
Q9NTK5,P22061,88.96,96.2,0,-256.17,-238.49,-230.906,-222.617
P09467,Q96B02,94.37,87.43,0,-228.6,-227.43,-224.804,-215.509
P18669,P22314,94.12,92.65,0,-224.75,-220.876666666667,-215.378,-209.269
Q99584,Q9GZN7,80.85,89.59,0,-206.68,-204.853333333333,-202.326,-198.361
P84101,Q9H3H1,81.68,85.67,0,-226.12,-210.226666666667,-206.244,-197.573
P62701,P09211,95.79,98.07,0,-262.18,-251.99,-243.98,-229.446
O14907,P60903,91.87,91.79,0,-238.56,-234.06,-227.804,-217.309
Q9H0T7,P11464,86.62,86.67,0,-260.49,-259.093333333333,-256.452,-249.006
Q02543,Q13685,96.26,84.32,0,-286.44,-264.81,-257.668,-247.536
Q9H6R6,Q9Y508,86.68,83.78,0,-353.47,-332.226666666667,-319.178,-305.679
P84090,Q9H6R6,95.9,86.68,0,-315.55,-309.55,-301.99,-288.481
O95782,Q969Z0,84.21,83.22,0,-258.23,-253.706666666667,-249.608,-242.851
P03950,Q9NWZ3,90.44,83.86,0,-260.86,-251.136666666667,-243.166,-234.968
Q9UEU0,Q9BVJ7,83.78,97.65,0,-289.84,-260.983333333333,-251.046,-239.843
Q02543,O15496,96.26,87.83,0,-288.45,-286.55,-285.208,-273.421
P68104,P36542,88.73,87.85,0,-227.08,-223.38,-220.952,-216.101
Q14240,Q13085,87.1,82.76,0,-295.67,-264.49,-251.464,-237.175
Q9C0J1,P47756,87.36,89.7,0,-257.74,-255.89,-254.426,-250.411
Q9UQ03,P11166,90.53,89.62,0,-369.46,-352.013333333333,-343.002,-330.637
P05413,Q9UBI1,96.24,86.81,0,-186.55,-182.253333333333,-178.738,-174.743
O96024,O14530,85.41,84.54,0,-294.06,-274.563333333333,-262.946,-251.834
O14732,Q9GZU1,95.07,82.39,0,-360.94,-342.353333333333,-326.224,-307
Q14558,Q8NCC3,89.19,93.86,0,-249.38,-242.3,-239.554,-233.792
Q9NRC8,Q9HA47,89.13,84.11,0,-308.36,-288.183333333333,-275.956,-260.172
O14907,P82932,91.87,92.6,0,-234.86,-233.736666666667,-227.976,-215.747
Q9GZS3,Q16864,96.54,87.49,0,-246.5,-230.436666666667,-225.582,-219.031
P07900,O95084,85.47,82.05,0,-279.9,-270.666666666667,-266.154,-257.104
Q8WVB3,P30281,93.51,87.72,0,-273.41,-270.366666666667,-266.266,-257.903
P14222,O95149,91.08,83.34,0,-281.71,-272.65,-270.07,-262.866
Q9Y233,Q9Y6M9,84.51,96.13,0,-311.38,-309.26,-303.928,-294.962
P22392,O15527,97.65,92.43,0,-233.79,-230.933333333333,-225.538,-218.433
P42356,P48304,80.11,89.51,0,-311.01,-283.703333333333,-274.266,-257.648
P14222,Q96CQ1,91.08,87.1,0,-324.72,-314.353333333333,-309.488,-299.309
Q9UBS5,Q9NTK5,84.33,88.96,0,-316.01,-303.196666666667,-293.648,-280.741
Q92527,P23921,85,92.33,0,-266.45,-256.776666666667,-249.344,-238.164
P02771,Q53FA7,88.99,96.97,0,-229.02,-221.46,-216.454,-211.898
O14775,Q9H169,93.82,84.41,0,-231.28,-226.666666666667,-223.78,-219.149
P32969,O14579,94.08,89.92,0,-257.1,-251.25,-248.666,-239.104
O15228,P28328,88.93,81.08,0,-303.93,-292.55,-287.052,-279.672
Q9NZ72,P69905,85.99,98.03,0,-242.77,-236.203333333333,-230.06,-223.549
Q02543,P28072,96.26,89.98,0,-323.17,-309.853333333333,-304.138,-290.785
Q9UI14,Q99584,81.99,80.85,0,-276.75,-267.333333333333,-261.836,-254.484
P30153,O60512,95.15,88.72,0,-273.36,-265.64,-260.52,-252.795
P14222,O75607,91.08,80.18,0,-247.91,-239.706666666667,-233.46,-226.496
P60002,Q9BW27,86.4,84.5,0,-267.8,-256.963333333333,-252.44,-233.313
Q9BRR6,Q15269,91.47,86.93,0,-287.88,-282.89,-277.922,-269.074
P51690,P49593,93.27,87.65,0,-290.49,-286.02,-281.272,-271.572
Q9GZS3,Q99832,96.54,89.04,0,-208.44,-205.6,-203.724,-200.287
Q15181,Q3MHD2,96.01,90.87,0,-213.76,-207.473333333333,-202.63,-196.181
Q96DB2,P15927,92.98,80.68,0,-268.27,-258.58,-252.476,-244.758
Q9UEU0,Q9H9J2,83.78,88.37,0,-244.31,-236.736666666667,-234.146,-231.083
P61254,P51884,92.33,90.63,0,-324.16,-320.636666666667,-315.064,-299.918
P29762,O14569,95.8,93.63,0,-241.57,-230.203333333333,-225.096,-218.353
P41567,O14579,81.74,89.92,0,-221.79,-216.743333333333,-214.13,-208.403
Q9ULJ1,Q9ULX9,81.35,83.52,0,-321.33,-312.753333333333,-305.424,-294.532
Q99436,P30086,89.77,97.32,0,-237.28,-234.04,-231.47,-224.889
P00918,Q9Y3D7,97.4,89.47,0,-227.1,-217.633333333333,-215.014,-210.654
Q969R8,P30408,87.06,81.28,0,-353.72,-323.32,-312.06,-298.75
P47224,Q96E40,89.04,80.91,0,-225.02,-218.46,-214.098,-205.346
P62937,Q99595,98.02,80.39,0,-239.2,-233.213333333333,-229.84,-219.409
O95782,P51159,84.21,84.99,0,-258.17,-248.816666666667,-238.076,-227.919
Q9UI12,P09466,88.04,87.19,0,-271.16,-245.863333333333,-239.872,-233.203
P63208,Q9UEU0,90.26,83.78,0,-245.63,-241.79,-239.168,-228.088
O14949,P30519,94.27,81.24,0,-289.7,-284.443333333333,-281.242,-270.91
O75955,Q15397,82.02,85.37,0,-243.47,-239.993333333333,-237.524,-233.714
Q6I9Y2,P40306,87.97,90.75,0,-237.87,-237.26,-235.562,-232.241
Q9UPT5,P09669,83.7,94.87,0,-303.43,-283.616666666667,-276.418,-263.912
Q9H3H1,Q15907,85.67,86.09,0,-248.66,-246.016666666667,-240.858,-228.913
Q13332,P08238,82.18,84.45,0,-264.3,-252.34,-241.292,-226.012
P17174,Q969H8,96.44,88.7,0,-246.94,-245.48,-242.462,-235.973
Q13526,P13686,92.66,94.94,0,-231.6,-226.76,-224.868,-220.57
P08631,P30084,84.2,91.3,0,-257.85,-255.333333333333,-249.728,-241.238
P62316,P49770,90.87,86.74,0,-233.79,-224.283333333333,-221.042,-216.558
Q15645,P51671,86.98,87.98,0,-250.56,-239.616666666667,-234.45,-227.518
P30086,Q96JB5,97.32,83.52,0,-204.36,-198.92,-194.18,-189.604
Q99616,Q08752,85.95,96.55,0,-219.96,-211.15,-208.08,-203.078
O60512,P15882,88.72,86.92,0,-271.79,-266.853333333333,-259.228,-251.75
P14222,Q96DW6,91.08,83.47,0,-357.53,-343.403333333333,-333.586,-320.462
Q53H47,P14091,83.38,87.36,0,-244.38,-242.43,-241.314,-238.265
P19367,Q6IBE6,94.59,88.34,0,-261.63,-258.11,-254.63,-246.425
Q99873,Q969W0,89.03,93.82,0,-323.91,-321.723333333333,-318.106,-311.442
P00797,P16284,85.61,80.6,0,-230.68,-225.736666666667,-223.474,-217.276
P62701,P30408,95.79,81.28,0,-293.77,-285.483333333333,-280.694,-269.336
Q9HBL7,Q9Y2M5,89.77,89.34,0,-282.49,-278.386666666667,-277.262,-273.386
Q03393,P08238,96.14,84.45,0,-208.7,-205.623333333333,-204.046,-200.65
Q9H840,P16284,81.92,80.6,0,-249.98,-240.246666666667,-235.968,-227.793
O75348,Q99832,93.16,89.04,0,-248.61,-233.37,-225.41,-215.509
O00422,Q9NX18,87.52,84.2,0,-264.45,-259.036666666667,-254.666,-245.253
Q9H840,Q13232,81.92,92.67,0,-257.64,-250.06,-247.212,-237.63
Q9UBS5,P23434,84.33,85.31,0,-285.88,-281.4,-277.666,-270.104
P35475,O95169,95.13,88.8,0,-325.66,-316.053333333333,-313.082,-307.848
Q03013,Q9UII2,98.25,80.22,0,-249.91,-243.356666666667,-234.724,-222.768
P42356,Q5VUD6,80.11,82.4,0,-384.45,-362.666666666667,-351.874,-333.302
P62380,Q9NVE7,95.31,87.69,0,-236.78,-235.63,-234.04,-229.868
P68366,Q6IB77,91.95,95.56,0,-267.35,-255.833333333333,-248.25,-233.428
O00755,O15182,88.76,89.55,0,-284.88,-272.283333333333,-262.47,-249.369
Q13275,Q08116,84.12,81.97,0,-289.55,-286.936666666667,-284.932,-274.102
Q66LE6,Q9Y3F4,91.81,89.5,0,-222.31,-218.676666666667,-215.986,-208.942
O95897,P32249,84.16,86.6,0,-372.9,-359.43,-352.83,-339.115
Q8WVZ9,P51948,81.26,85.32,0,-267.15,-263.393333333333,-260.888,-256.671
O60512,Q92535,88.72,88.82,0,-318.35,-309,-305.094,-298.042
Q8N2U0,P32942,96.2,87.07,0,-285.31,-273.696666666667,-266.856,-258.925
Q14790,Q9Y285,81.49,87.66,0,-245.99,-235.28,-230.716,-220.6
P63208,Q03405,90.26,81.66,0,-235.25,-226.553333333333,-219.858,-213.382
Q99436,P30084,89.77,91.3,0,-309.12,-278.303333333333,-267.576,-252.745
P61254,Q96JB5,92.33,83.52,0,-263.06,-246.84,-239.498,-230.086
P63000,P63220,93.7,95.04,0,-250.12,-248.47,-246.762,-240.091
P27449,O95376,88.55,85.91,0,-281.05,-262.55,-256.84,-250.7
Q9UEU0,P50238,83.78,82.39,0,-255.43,-245.603333333333,-238.12,-224.784
O76003,P21695,88.49,96.15,0,-219.29,-200.706666666667,-196.346,-189.138
Q96HD1,Q14558,81.59,89.19,0,-281.56,-276.1,-271.592,-264.146
P26641,Q9UI12,86.44,88.04,0,-270.33,-264.806666666667,-259.464,-246.706
Q13838,Q96SI1,85.6,83.29,0,-261.77,-249.936666666667,-241.812,-227.532
Q502X0,P20674,92.85,88.11,0,-287.39,-265.163333333333,-259.816,-252.287
P0CG47,Q6FIE5,93.71,85.36,0,-202.46,-187.313333333333,-182.868,-176.682
P39748,P48643,90.04,89.4,0,-211.96,-211.673333333333,-207.514,-198.804
O15239,Q86X76,97.27,88.61,0,-298.68,-283.72,-273.342,-262.891
Q9BTM9,P29762,94.84,95.8,0,-171.04,-166.273333333333,-162.556,-157.371
Q9NY33,P09211,95.55,98.07,0,-211.06,-200.466666666667,-195.902,-189.423
O60493,Q03013,89.45,98.25,0,-224.31,-221.703333333333,-218.256,-212.293
Q9NZ72,Q15013,85.99,80.4,0,-258.15,-254.46,-248.84,-239.833
Q9NQW7,Q13951,96.96,86.83,0,-258.25,-246.813333333333,-239.69,-228.243
Q9UI12,P04181,88.04,94.23,0,-283.99,-274.523333333333,-262.638,-248.322
P68104,Q86YJ6,88.73,95.9,0,-235.24,-228.636666666667,-220.046,-210.358
O14907,P50591,91.87,82.4,0,-269.95,-256.623333333333,-249.156,-242.79
Q8WVM8,Q13098,85.96,85.08,0,-245.43,-240.713333333333,-237.014,-231.309
P11142,Q6FIE5,89.18,85.36,0,-209.78,-203.876666666667,-198.426,-191.826
P02771,P30044,88.99,86.18,0,-231.06,-220.81,-215.428,-208.609
Q15819,P14373,94.97,89.28,0,-222.79,-221.17,-219.562,-215.36
P08758,P18124,96.26,94.06,0,-254.02,-240.84,-235.604,-229.865
O15197,O43240,81.15,80.68,0,-303.6,-291.69,-285.108,-276.118
P60842,P35609,87.6,85.03,0,-242.78,-229.246666666667,-223.164,-214.252
P53621,P04350,85.08,92.24,0,-252.88,-248.353333333333,-246.086,-241.13
P68104,O15197,88.73,81.15,0,-254.46,-252.296666666667,-244.386,-230.583
O14775,O15182,93.82,89.55,0,-229.34,-217.546666666667,-208.764,-198.269
Q9UFN0,Q9H0E2,90.3,81.86,0,-289.68,-274.85,-266.212,-254.598
Q8IWV7,Q9NPJ1,85.06,89.15,0,-265.08,-258.716666666667,-252.698,-244.022
Q9Y4P1,P11464,86.72,86.67,0,-242.21,-233.106666666667,-227.192,-221.11
P34896,Q13547,96.61,86.31,0,-302.3,-262.606666666667,-252.252,-237.947
Q9NZD4,Q99417,91.22,85.98,0,-229.83,-222.16,-219.686,-214.951
Q8N8Q3,P30084,90.83,91.3,0,-250.78,-244.226666666667,-239.142,-232.217
P27694,P19404,85.41,87.47,0,-306.1,-290.156666666667,-280.13,-263.959
Q9BRR6,Q99832,91.47,89.04,0,-236.67,-227.92,-225.564,-221.814
P36578,P62070,87.77,88.06,0,-278.97,-272.326666666667,-267.712,-255.944
Q13216,O95741,91.67,87.02,0,-236.89,-234.82,-233.398,-229.848
Q9Y3U8,P48643,93.35,89.4,0,-235.19,-232.463333333333,-227.512,-221.538
Q13838,P84077,85.6,83.14,0,-234.88,-229.103333333333,-225.65,-219.466
P84101,P42330,81.68,96.51,0,-198.69,-189.266666666667,-184.236,-178.718
P51665,Q9GZU1,82.92,82.39,0,-328.5,-320.063333333333,-313.704,-304.337
P34896,Q06830,96.61,97.19,0,-309.45,-298.416666666667,-283.516,-268.061
P63167,Q15013,95.66,80.4,0,-266.78,-260.686666666667,-245.892,-230.204
Q9NZ72,P41220,85.99,80.88,0,-241.89,-236.823333333333,-231.996,-221.204
Q9BYD3,Q9H832,84.14,82.49,0,-308.47,-284.393333333333,-277.718,-270.239
P02794,Q15334,95.77,80.77,0,-245.38,-239.696666666667,-235.138,-226.908
Q9BRR6,Q9UBW8,91.47,84.97,0,-269.86,-252.89,-243.462,-234.335
Q9C0J1,P22314,87.36,92.65,0,-295.52,-288.323333333333,-283.574,-269.964
O95897,P49593,84.16,87.65,0,-296.85,-289.066666666667,-283.46,-271.509
Q14232,Q9UK41,91.87,92.16,0,-214.08,-210.31,-206.012,-200.342
O15530,P01215,80.12,91.92,0,-287.34,-278.543333333333,-276.05,-269.647
P41567,Q9GZM7,81.74,86.63,0,-243.89,-229.923333333333,-224.742,-218.966
P23416,Q9ULJ1,84.44,81.35,0,-297.97,-274.436666666667,-263.262,-250.154
P09471,Q32NB8,94.68,85.25,0,-328.73,-290.723333333333,-275.244,-259.174
P49770,P51690,86.74,93.27,0,-296.8,-291.35,-288.85,-283.913
P25786,P60903,91.86,91.79,0,-268.56,-262.22,-256.122,-248.208
Q8WVM8,P51665,85.96,82.92,0,-245.97,-241.6,-234.588,-224.737
Q9UQ03,P78537,90.53,89.52,0,-291.31,-277.673333333333,-267.808,-255.038
P84090,P08243,95.9,94.59,0,-270.57,-250.45,-245.23,-238.66
Q9GZQ8,P20338,91.59,88.06,0,-232.74,-220.516666666667,-216.77,-211.167
Q9NRC8,P57727,89.13,86.91,0,-278.11,-274.27,-270.006,-259.137
O43570,P41220,88.39,80.88,0,-243.74,-228.46,-221.122,-212.269
P61769,Q96B02,94.3,87.43,0,-239.26,-227.056666666667,-223.014,-217.964
Q9UNN8,P30519,87.1,81.24,0,-273.96,-261.113333333333,-255.698,-246.909
P08559,Q9Y343,94.75,80.02,0,-312.79,-300.63,-289.724,-275.974
P14222,Q9UNE7,91.08,89.79,0,-294.73,-273.893333333333,-264.996,-254.447
Q14790,P82933,81.49,82.49,0,-297.46,-291.783333333333,-282.272,-267.766
P12429,P41220,96.34,80.88,0,-201.23,-193.26,-190.926,-188.276
P11309,Q9BPU6,90.33,91.22,0,-313.96,-299.42,-289.418,-268.868
O76027,P05109,90.59,93.03,0,-280.71,-251.49,-239.698,-225.114
P09471,Q8N138,94.68,94.69,0,-279.54,-270.436666666667,-260.644,-248.03
P49770,Q96CQ1,86.74,87.1,0,-298.07,-295.913333333333,-293.092,-287.3
P18621,O95741,91.53,87.02,0,-284.08,-272.753333333333,-264.492,-256.355
P35080,Q96HS1,95.56,85.85,0,-258.16,-252.723333333333,-249.886,-244.593
O60512,P57727,88.72,86.91,0,-318.59,-300.426666666667,-293.136,-284.209
O43252,P51965,93.56,86.98,0,-248.27,-245.24,-241.57,-232.126
P07814,Q8NBJ7,83.43,91.34,0,-298.11,-283.606666666667,-271.188,-258.76
P47224,P19388,89.04,92.54,0,-210.92,-204.083333333333,-201.058,-193.001
P18669,P09960,94.12,96.58,0,-213.48,-204.906666666667,-200.498,-194.286
P35268,P12236,84.92,91.79,0,-292.1,-262.5,-254.39,-241.927
Q96E40,P04350,80.91,92.24,0,-239.49,-230.756666666667,-224.988,-217.336
P60033,P18206,87.27,87.12,0,-296.79,-291.43,-287.592,-276.512
Q14558,Q9UNI6,89.19,85.77,0,-232.08,-230.773333333333,-228.614,-225.517
Q8ND90,P05231,80.44,86.04,0,-252.91,-239.58,-230.944,-219.171
P00918,P63272,97.4,96.61,0,-232.65,-210.91,-204.636,-196.516
O43570,O15496,88.39,87.83,0,-273.83,-263.776666666667,-258.79,-251.851
O00422,P61006,87.52,85.92,0,-222.85,-222.48,-218.728,-212.981
Q7L5D6,O60925,88.32,93.21,0,-224.05,-221.803333333333,-219.912,-215.15
P63167,P08243,95.66,94.59,0,-226.04,-223.58,-219.478,-214.817
O00291,P53041,81.33,92.95,0,-244.7,-236.59,-230.348,-222.134
Q96HD1,O43837,81.59,88.39,0,-278.82,-273.316666666667,-265.148,-254.148
P07814,Q9Y2Z9,83.43,84.22,0,-266.22,-264.67,-262.176,-258.044
Q13084,P36575,92.75,87.12,0,-231.07,-225.686666666667,-223.054,-218.145
Q13838,P55212,85.6,85.26,0,-214.24,-208.663333333333,-205.134,-200.837
O60896,Q15041,88.16,84.85,0,-347.81,-347.286666666667,-337.85,-327.386
P10916,Q8NCC3,83.36,93.86,0,-217.26,-209.38,-206.086,-200.631
Q86TW2,O95563,83.8,89.61,0,-390.4,-366.66,-352.734,-337.867
Q502X0,Q8TBC4,92.85,93.2,0,-282.68,-278.216666666667,-274.994,-266.458
Q9UI14,Q9UJX4,81.99,82.34,0,-308.12,-306.613333333333,-305.058,-301.473
Q8IWV7,Q16864,85.06,87.49,0,-264.81,-257.463333333333,-253.952,-247.263
Q9NVX0,P11802,81.5,88.26,0,-255.21,-251.84,-248.996,-244.93
P61247,P63261,84.38,95.34,0,-254.4,-248.92,-243.072,-234.783
Q9Y4P1,Q9UBW8,86.72,84.97,0,-241.13,-237.623333333333,-233.88,-226.688
Q3ZCQ8,P19367,80.56,94.59,0,-264.85,-262.686666666667,-253.88,-240.784
Q7Z7H8,O43374,83.49,86.55,0,-298.1,-271.013333333333,-261.792,-252.12
Q9H832,Q53FA7,82.49,96.97,0,-244.63,-230.296666666667,-224.608,-214.467
Q96QE5,Q9BYD2,81.37,82.8,0,-290.31,-286.453333333333,-283.06,-276.027
O15145,P50336,95.23,95.37,0,-245.32,-241.933333333333,-239.866,-235.855
Q9Y3C7,O14530,93.5,84.54,0,-267.97,-255.413333333333,-251.442,-242.767
P61026,P49888,85.99,97.2,0,-212.84,-212.033333333333,-210.6,-208.378
O14645,Q9BZD4,84.96,89.43,0,-311.62,-293.916666666667,-278.536,-263.136
O76071,Q53HC5,96.74,92.49,0,-236.43,-234.926666666667,-232.384,-225.557
Q9UPY8,P23434,80.12,85.31,0,-249.05,-242.413333333333,-236.788,-223.395
Q7L5D6,Q6IAM7,88.32,88.69,0,-293.47,-290.866666666667,-286.464,-272.634
Q9Y333,P24666,94.61,96.13,0,-241.17,-227.023333333333,-220.786,-211.912
Q9UQ53,O95571,84.34,93.23,0,-279.15,-275.583333333333,-271.588,-258.22
P40429,Q6FII1,95.92,94.52,0,-299.72,-281.976666666667,-276.074,-265.461
Q9P1W9,P20338,90.4,88.06,0,-269.95,-262.89,-255.778,-243.107
P09960,P42356,96.58,80.11,0,-234.57,-227.326666666667,-224.872,-217.736
Q14181,P62937,85.55,98.02,0,-238.61,-228.433333333333,-221.2,-212.675
Q9NPQ8,Q9BQD7,90.53,82.65,0,-294.13,-280.613333333333,-275.82,-269.993
O60884,O95361,83.74,80.54,0,-241.4,-237.876666666667,-232.008,-223.186
P34896,Q92963,96.61,87.64,0,-235.11,-234.536666666667,-232.708,-228.529
Q9Y5X3,Q9H3H3,87.39,83.4,0,-248.86,-242.66,-238.544,-230.794
Q13885,O95084,92.11,82.05,0,-298.39,-289.06,-284.876,-274.786
Q15262,Q9Y508,83.41,83.78,0,-329.67,-307.103333333333,-295.806,-278.099
O43676,P50336,86.46,95.37,0,-316.26,-301.74,-290.366,-272.337
O00422,O43688,87.52,85.85,0,-271.33,-266.626666666667,-265.042,-259.557
P32456,O15145,89.23,95.23,0,-241.88,-235.603333333333,-230.452,-220.022
Q9Y234,P62306,91.38,90.06,0,-223.55,-223.43,-220.658,-213.498
P17174,P14555,96.44,91.4,0,-272,-270.053333333333,-267.524,-256.487
P24522,P62306,80.52,90.06,0,-230.02,-220.22,-213.26,-201.267
Q6FIE5,Q9NPH0,85.36,91.16,0,-226.88,-221.696666666667,-218.592,-212.49
Q99584,P35219,80.85,90.53,0,-180.62,-177.673333333333,-175.652,-170.24
O43924,Q9UMR2,96.48,81.7,0,-208.84,-204.303333333333,-199.346,-192.406
Q9UNN8,P00505,87.1,94.75,0,-357.58,-314.633333333333,-297.67,-281.41
O15197,P34913,81.15,93.61,0,-256.55,-252.35,-250.036,-244.761
P67775,Q6NUQ1,94.78,85.91,0,-252.78,-243.383333333333,-237.19,-227.296
P31689,P63146,83.35,95.34,0,-248.96,-237.186666666667,-232.964,-222.663
Q9NTK5,O43252,88.96,93.56,0,-239.71,-228.87,-225.658,-218.985
P49419,Q92561,95.14,89.84,0,-300.28,-289.44,-286.412,-267.669
P05388,O14678,80.63,87.54,0,-309.27,-300.62,-298.096,-295.105
P11021,O95219,90.33,85.13,0,-261.87,-258.353333333333,-253.818,-243.28
Q8N357,P82932,84.28,92.6,0,-311.77,-303.946666666667,-294.506,-283.838
Q9UPT5,P20674,83.7,88.11,0,-271.95,-260.86,-251.032,-239.201
Q92527,Q15907,85,86.09,0,-279.95,-247.666666666667,-239.134,-228.713
P60660,Q9Y333,95.37,94.61,0,-228.64,-220.433333333333,-213.486,-205.653
P62316,Q6PJ22,90.87,85.54,0,-282.6,-257.31,-245.858,-234.5
O75380,Q9Y3F4,81.99,89.5,0,-254.36,-242.96,-232.68,-222.099
P07858,Q9H4K1,91.84,86.75,0,-263.71,-257.53,-252.834,-243.912
P69905,Q96CQ1,98.03,87.1,0,-337.99,-311.41,-301.556,-289.368
Q9NPQ8,P56282,90.53,92.84,0,-267.36,-257.286666666667,-248.742,-236.98
Q9UFN0,Q93045,90.3,86.06,0,-223.63,-219.193333333333,-216.202,-211.305
P07900,O60341,85.47,85.13,0,-208.55,-204.533333333333,-201.088,-195.787
Q9UPT5,P62820,83.7,85.64,0,-225.83,-223.26,-217.684,-212.189
P04179,P11464,93.49,86.67,0,-278.07,-275.413333333333,-268.418,-256.046
Q6IBM8,Q93045,89.7,86.06,0,-279.87,-243.87,-230.466,-213.968
Q9HCC8,P78417,90.59,95.97,0,-328.23,-292.023333333333,-282.47,-271.085
P42773,Q14558,92.48,89.19,0,-248.49,-244.173333333333,-239.578,-231.331
P18621,Q13794,91.53,82.91,0,-228.71,-227.22,-225.576,-220.832
Q9BTT4,P47929,92.86,96.87,0,-210.09,-201.803333333333,-198.584,-193.632
Q99616,Q9Y2Z9,85.95,84.22,0,-289.06,-256.67,-245.42,-232.567
Q9BYD3,P62308,84.14,93.42,0,-250.88,-249.073333333333,-245.482,-239.125
Q07869,P61513,81.11,96.28,0,-277.82,-259.823333333333,-251.714,-241.029
Q9BYC9,Q8N8Q3,91.47,90.83,0,-291.57,-279.723333333333,-269.144,-258.267
Q9Y234,Q9BVJ7,91.38,97.65,0,-284,-257.516666666667,-248.312,-236.871
P56470,Q02978,90.86,86.66,0,-317.46,-316.16,-313.31,-305.436
P61289,Q9NWZ3,87.28,83.86,0,-229.82,-217.816666666667,-214.352,-207.569
P28072,Q9NPH2,89.98,92.27,0,-284,-281.67,-278.632,-267.568
P06858,P60520,91.21,94.86,0,-230.77,-221.886666666667,-215.424,-207.854
P14091,Q93077,87.36,91.17,0,-266.63,-260.48,-257.218,-249.365
Q15645,Q7RU07,86.98,81.23,0,-342.1,-329.896666666667,-320.504,-308.795
Q9BYD3,P14555,84.14,91.4,0,-303.05,-283.196666666667,-277.632,-269.339
P02792,Q9BV38,97,86.1,0,-305.38,-288.216666666667,-277.522,-262.741
Q13084,P24666,92.75,96.13,0,-242.51,-236.29,-228.59,-217.986
Q0P6H9,Q9NPA8,91.72,93.86,0,-304.69,-285.636666666667,-274.674,-262.472
Q8WVZ9,P42025,81.26,93.01,0,-258.29,-247.23,-243.768,-232.465
P25786,Q6N063,91.86,94.05,0,-259.13,-250.276666666667,-244.86,-238.997
Q9H0T7,P55060,86.62,91.25,0,-236.03,-233.126666666667,-229.78,-222.872
P02766,Q9NPA8,88.93,93.86,0,-243.92,-240.073333333333,-236.164,-227.658
Q9HDC9,Q9NUQ8,91.74,82.09,0,-280.11,-270.346666666667,-267.692,-260.513
O60493,Q16635,89.45,87.97,0,-289.18,-279.983333333333,-269.882,-255.389
Q8N431,Q13216,85.95,91.67,0,-247.12,-241.836666666667,-235.912,-226.112
P56556,Q9NZD4,88.31,91.22,0,-249.51,-246.836666666667,-240.422,-230.982
P49703,O95563,89.97,89.61,0,-284.55,-283.326666666667,-281.72,-276.912
P53621,Q9NP72,85.08,85.64,0,-244.92,-242.063333333333,-239.858,-233.928
Q9H840,P09326,81.92,83.73,0,-273.89,-258.556666666667,-253.288,-245.691
Q7L5D6,P48664,88.32,80.27,0,-364.85,-332.89,-319.27,-307.54
Q9UNP9,Q9H4K1,81.55,86.75,0,-262.35,-253.023333333333,-241.44,-227.201
Q12788,Q9BTE0,84.93,92.37,0,-247.84,-239.493333333333,-230.1,-220.913
Q9NQW7,Q6IBS0,96.96,91.26,0,-229.36,-217.99,-213.808,-206.801
P63244,P21579,92.07,81.14,0,-272.89,-256.03,-250.42,-240.929
P28072,P50238,89.98,82.39,0,-251.04,-244.893333333333,-237.046,-224.231
Q9UHY7,O75607,95.44,80.18,0,-194.21,-186.55,-182.518,-176.446
Q7L5D6,Q9Y5X3,88.32,87.39,0,-240.42,-239.046666666667,-237.434,-233.997
Q9NXU5,P07900,88.51,85.47,0,-231.6,-226.043333333333,-218.746,-210.607
P61006,P56282,85.92,92.84,0,-290.65,-267.323333333333,-258.402,-248.698
Q9BV94,Q9H169,85.74,84.41,0,-247.46,-241.25,-237.474,-227.956
Q9UKR5,P51884,92.93,90.63,0,-393.09,-360.936666666667,-347.254,-332.086
P61769,P55212,94.3,85.26,0,-240.64,-232.85,-230.374,-224.512
P24522,P61077,80.52,96.63,0,-232.08,-218.036666666667,-208.934,-198.983
Q09028,Q14318,92.17,80.96,0,-233.4,-212.686666666667,-202.018,-191.441
O15530,P50336,80.12,95.37,0,-297.93,-270.883333333333,-261.59,-251.329
P41567,P23434,81.74,85.31,0,-198.65,-196.076666666667,-194.516,-189.896
Q9Y3U8,Q9H4K1,93.35,86.75,0,-235.54,-228.33,-225.422,-219.593
P62316,O14832,90.87,87.18,0,-265.36,-243.983333333333,-232.846,-218.698
P32456,P15090,89.23,96.04,0,-187.68,-182.46,-179.164,-173.277
P78406,P78537,93.53,89.52,0,-243.87,-232.576666666667,-227.2,-221.86
P56556,P61254,88.31,92.33,0,-258.18,-253.103333333333,-249.62,-242.373
P02771,P50454,88.99,91.74,0,-212.11,-205.923333333333,-202.878,-197.975
O43172,P15927,82.32,80.68,0,-296.32,-269.663333333333,-261.64,-250.24
P09466,P56282,87.19,92.84,0,-268.77,-264.186666666667,-256.116,-243.764
O60256,O95571,87.4,93.23,0,-288.83,-279.706666666667,-271.906,-258.089
P40429,Q53H47,95.92,83.38,0,-289.7,-273.476666666667,-268.762,-261.406
Q9H773,P09466,85.41,87.19,0,-256.77,-244.01,-234.95,-226.392
P68032,Q9BVJ7,95.46,97.65,0,-261.79,-240.1,-233.798,-225.844
Q9UBS5,O14775,84.33,93.82,0,-308.94,-299.763333333333,-294.386,-286.674
O43676,Q9BRR6,86.46,91.47,0,-309.81,-290.126666666667,-282.244,-268.889
P11597,Q9Y2V2,91.44,84.44,0,-265.04,-254.553333333333,-247.048,-237.728
P63261,Q9NPF8,95.34,92.31,0,-248.1,-240.233333333333,-232.592,-224.18
P67775,Q15041,94.78,84.85,0,-272.27,-266.943333333333,-262.262,-254.702
P08238,Q93033,84.45,81.76,0,-284.43,-256.343333333333,-248.488,-239.892
O95832,P60903,84.7,91.79,0,-273.66,-268.196666666667,-265.662,-260.949
Q14181,O14579,85.55,89.92,0,-243.82,-230.616666666667,-225.616,-215.378
P56556,Q13547,88.31,86.31,0,-268.29,-257.596666666667,-253.438,-244.862
P84101,P24522,81.68,80.52,0,-214.4,-204.953333333333,-197.208,-186.42
P05091,Q07869,95.98,81.11,0,-290.47,-277.95,-268.316,-253.164
Q9Y3C7,P09104,93.5,97.14,0,-247.13,-239.083333333333,-236.406,-230.854
P11309,P63279,90.33,97.47,0,-222.17,-215.363333333333,-212.012,-206.923
P12956,P51690,84.24,93.27,0,-287.08,-281.866666666667,-276.352,-267.969
P58215,O14832,83.91,87.18,0,-316.61,-291.776666666667,-279.184,-264.861
Q8NB37,Q9UNE7,94.66,89.79,0,-229.55,-222.513333333333,-215.314,-208.328
Q9HBL7,Q96N11,89.77,83.11,0,-334.33,-323.283333333333,-319.4,-312.634
Q8N357,O00231,84.28,83.22,0,-327.73,-298.896666666667,-288.65,-276.738
Q96DI7,P62820,85.44,85.64,0,-254.83,-231.093333333333,-221.472,-210.529
Q9Y5X3,O14530,87.39,84.54,0,-273.18,-254.003333333333,-244.804,-232.497
Q9NRN5,P05231,87.26,86.04,0,-233.18,-228.766666666667,-227.374,-222.276
Q53H47,Q9Y333,83.38,94.61,0,-296.55,-277.41,-269.34,-256.131
P63244,Q96AB3,92.07,95.27,0,-279.44,-273.953333333333,-263.014,-247.186
P14174,Q9HA47,98.59,84.11,0,-268.94,-256.01,-251.556,-243.472
P42773,P14091,92.48,87.36,0,-235.02,-222.236666666667,-218.59,-213.717
Q9BPX7,P63104,89.39,94.3,0,-207.11,-190.916666666667,-186.644,-179.196
Q9H832,Q7L099,82.49,82.42,0,-245.8,-244.886666666667,-237.728,-225.794
Q9H492,Q15013,91.03,80.4,0,-265.04,-260.44,-251.922,-240.309
Q7RU07,P55774,81.23,87.74,0,-273.83,-265.326666666667,-260.486,-254.719
Q96ER3,Q02978,85.53,86.66,0,-288.27,-278.32,-275,-264.999
Q16623,Q96KB5,85,84.91,0,-212.71,-209.703333333333,-205.24,-198.425
P18669,P08559,94.12,94.75,0,-262.27,-235.926666666667,-226.436,-216.771
Q15393,Q9GZQ8,92.53,91.59,0,-253.9,-237.24,-231.224,-223.173
P00966,P00491,95.64,94.05,0,-289.79,-284.896666666667,-275.718,-265.968
P53602,Q15155,92.16,80.52,0,-316.47,-270.926666666667,-259.5,-247.828
Q9ULJ1,P60900,81.35,96.02,0,-278.55,-270.403333333333,-266.892,-262.648
Q9NP59,O95295,80.51,87.32,0,-333.79,-326.773333333333,-321.278,-313.532
Q9Y4P1,Q92979,86.72,88.37,0,-260.53,-253.956666666667,-246.268,-236.431
P46779,Q8N8Q3,92.37,90.83,0,-291.09,-279.953333333333,-273.278,-262.496
Q99873,P52565,89.03,90.97,0,-253.78,-244.5,-240.136,-232.38
Q969W0,P55774,93.82,87.74,0,-266.77,-263.796666666667,-262.258,-256.824
Q9NY33,P34913,95.55,93.61,0,-213.7,-209.59,-206.456,-201.612
P40925,Q6IAM7,96.81,88.69,0,-262.59,-251.173333333333,-246.996,-242.604
Q9BPW8,A1L0T0,83.42,94.71,0,-306.25,-299.936666666667,-291.984,-280.669
Q96DW6,P78560,83.47,80.19,0,-312.32,-305.753333333333,-298.51,-286.567
Q14790,Q969H8,81.49,88.7,0,-240.93,-224.44,-215.742,-206.392
Q9BXR0,P40306,94.13,90.75,0,-276.3,-268.426666666667,-263.862,-256.177
Q06323,P17540,90.64,89.93,0,-224.18,-214.07,-209.138,-200.696
P60880,P60953,84.56,93.39,0,-230.59,-228.403333333333,-227.568,-223.748
O43570,P63104,88.39,94.3,0,-234.05,-225.106666666667,-220.75,-211.028
Q9Y333,P15882,94.61,86.92,0,-249.73,-244.543333333333,-241.666,-235.797
Q9GZU0,Q9Y4R8,81.42,85.13,0,-220.92,-216.14,-213.76,-206.244
P43250,P20338,90.26,88.06,0,-257.08,-253.723333333333,-247.086,-232.675
Q15334,P16284,80.77,80.6,0,-271.15,-261.966666666667,-253.506,-242.195
Q16658,Q9Y6V7,94.81,87.31,0,-217.45,-216.663333333333,-212.268,-204.596
Q9UPY8,Q32NB8,80.12,85.25,0,-279.38,-275.413333333333,-267.31,-256.651
Q96B02,P51159,87.43,84.99,0,-230.22,-217.246666666667,-213.57,-208.236
Q13636,P63279,90.28,97.47,0,-238.37,-221.726666666667,-210.15,-199.841
P06576,P47756,85.83,89.7,0,-237.31,-235.836666666667,-228.968,-217.368
O14907,P62328,91.87,81.51,0,-176.22,-175.896666666667,-172.296,-166.008
P02766,P00491,88.93,94.05,0,-235.4,-231.266666666667,-225.364,-217.711
Q7L5D6,P05231,88.32,86.04,0,-218.27,-215.466666666667,-213.032,-209.038
P42773,O43676,92.48,86.46,0,-261.45,-252.823333333333,-246.858,-238.266
P53621,P63220,85.08,95.04,0,-301.95,-281.2,-275.494,-262.908
O94805,Q15397,91.65,85.37,0,-249.4,-241.76,-235.814,-222.745
Q9C0J1,O95149,87.36,83.34,0,-279.57,-272.87,-268.424,-255.293
Q96DW6,P05109,83.47,93.03,0,-328.58,-323.69,-314.872,-300.224
Q9BYC9,O95361,91.47,80.54,0,-328.59,-298.993333333333,-287.926,-275.031
P11142,P60174,89.18,96.95,0,-197.29,-190.883333333333,-186.878,-179.995
Q14240,Q15269,87.1,86.93,0,-269.95,-253.306666666667,-247.33,-239.295
O14775,P17540,93.82,89.93,0,-281.07,-258.786666666667,-248.138,-233.476
Q06323,O96024,90.64,85.41,0,-267.14,-266.976666666667,-262.346,-249.266
P24522,Q9UJX4,80.52,82.34,0,-252.63,-244.513333333333,-237.964,-226.415
Q9Y296,Q6YP21,90.89,91.88,0,-264.11,-258.66,-252.598,-245.384
P01023,P02768,82.14,92.64,0,-235.44,-233.58,-230.572,-218.927
Q13636,Q9Y6V7,90.28,87.31,0,-236.95,-226.773333333333,-222.504,-216.127
O00445,Q15046,84.47,91.15,0,-301.71,-285.186666666667,-279.678,-271.378
O43570,Q8NCC3,88.39,93.86,0,-240.35,-234.3,-231.368,-225.515
Q96DV4,O95571,83.75,93.23,0,-368.75,-332.316666666667,-319.692,-306.337
P46779,P60174,92.37,96.95,0,-263.09,-254.066666666667,-242.432,-231.577
P35475,Q6IBS0,95.13,91.26,0,-271.26,-264.283333333333,-258.268,-250.053
P15927,P32942,80.68,87.07,0,-250.77,-247.13,-242.134,-234.177
P04406,O43252,98.17,93.56,0,-303.72,-274.856666666667,-263.46,-250.127
Q9BYD3,P47914,84.14,82.66,0,-319.63,-297.983333333333,-289.928,-279.013
Q13216,Q92598,91.67,85.28,0,-203.68,-201.9,-197.78,-190.69
Q0P6H9,O95182,91.72,88.26,0,-320.78,-316.826666666667,-310.76,-300.941
Q86YJ6,P32121,95.9,84.17,0,-237.65,-229.156666666667,-226.094,-220.258
Q86TW2,Q9BTT6,83.8,85.57,0,-315.88,-299.65,-291.08,-277.528
O95166,P47914,94.82,82.66,0,-240.66,-230.366666666667,-225.878,-220.59
Q13885,Q13867,92.11,98.1,0,-253.42,-250.606666666667,-245.228,-235.543
P59998,Q9UNI6,94.34,85.77,0,-257.53,-248.773333333333,-244.166,-236.088
O75828,P47929,96.6,96.87,0,-203.27,-202.086666666667,-200.878,-197.376
O00445,Q86Y56,84.47,92.97,0,-285.16,-276.636666666667,-269.072,-261.149
Q9BPX7,P62308,89.39,93.42,0,-224.27,-210.23,-204.188,-197.479
O14949,P78417,94.27,95.97,0,-287.9,-268.026666666667,-259.89,-250.017
O15239,Q9NPA8,97.27,93.86,0,-335.5,-309.543333333333,-298.306,-285.809
P60842,Q9BVJ7,87.6,97.65,0,-265.23,-252.233333333333,-246.818,-234.713
P09936,Q00887,93.44,87.49,0,-217.16,-215.283333333333,-210.218,-201.915
P14923,O15496,81.11,87.83,0,-289.59,-281.613333333333,-272.36,-263.241
Q15819,Q6IBM8,94.97,89.7,0,-213.57,-208.396666666667,-203.202,-197.182
P13686,O43292,94.94,87.38,0,-324.69,-310.78,-301.484,-288.396
P09104,Q9NWY4,97.14,91.53,0,-218.46,-193.423333333333,-184.092,-175.158
P09467,P60484,94.37,83.97,0,-239.39,-226.45,-218.934,-208.966
P27707,Q9HBL7,89.48,89.77,0,-336.72,-321.283333333333,-312.936,-302.714
P61026,Q06830,85.99,97.19,0,-259.7,-243.52,-236.808,-226.807
P53602,Q96DW6,92.16,83.47,0,-349.2,-340.68,-334.04,-320.373
P63244,P49771,92.07,82.04,0,-255.83,-252.356666666667,-250.75,-243.204
Q96QE5,P19387,81.37,92.13,0,-265.79,-265.13,-262.544,-255.394
P13686,P36405,94.94,93.26,0,-236.41,-234.16,-232.732,-226.651
P42773,Q8ND90,92.48,80.44,0,-251.93,-248.933333333333,-240.612,-232.031
Q3ZCQ8,Q15269,80.56,86.93,0,-294.31,-283.733333333333,-281.308,-276.788
P21549,P11766,98.27,98.1,0,-276.34,-261.97,-253.838,-243.19
P62316,Q14790,90.87,81.49,0,-235.07,-229.49,-222.242,-212.086
P38570,Q13724,80.58,92.32,0,-348.78,-325.14,-315.828,-299.583
Q99616,P32942,85.95,87.07,0,-246.11,-241.61,-239.532,-232.118
P27694,P49641,85.41,91.29,0,-299.85,-284.506666666667,-273.638,-263.855
P63167,O75251,95.66,83.04,0,-267.42,-240.623333333333,-231.156,-221.284
P62424,O75607,91.28,80.18,0,-273.87,-260.843333333333,-253.962,-234.2
Q9BTW9,Q13085,90.55,82.76,0,-286.47,-269.433333333333,-259.232,-247.587
